{
  "type": "FeatureCollection",
  "features": [
    {
      "type": "Feature",
      "properties": {
        "sys": "tra_sched",
        "lineId": "縱貫線北段",
        "lineKey": "tra_sched|縱貫線北段",
        "name": "基隆",
        "color": "#2E6FB0",
        "colorDark": "#1c3857",
        "colorFaintLight": "#adc1d1",
        "colorFaintDark": "#17283d",
        "colorFaintSat": "#264449",
        "colorHiddenLight": "#cfd6d9",
        "colorHiddenDark": "#141f2e",
        "colorHiddenSat": "#253f3c",
        "colorFollowDark": "#234c78"
      },
      "geometry": {
        "type": "Point",
        "coordinates": [
          121.73923,
          25.133032
        ]
      }
    },
    {
      "type": "Feature",
      "properties": {
        "sys": "tra_sched",
        "lineId": "縱貫線北段",
        "lineKey": "tra_sched|縱貫線北段",
        "name": "三坑",
        "color": "#2E6FB0",
        "colorDark": "#1c3857",
        "colorFaintLight": "#adc1d1",
        "colorFaintDark": "#17283d",
        "colorFaintSat": "#264449",
        "colorHiddenLight": "#cfd6d9",
        "colorHiddenDark": "#141f2e",
        "colorHiddenSat": "#253f3c",
        "colorFollowDark": "#234c78"
      },
      "geometry": {
        "type": "Point",
        "coordinates": [
          121.742098,
          25.122217
        ]
      }
    },
    {
      "type": "Feature",
      "properties": {
        "sys": "tra_sched",
        "lineId": "縱貫線北段",
        "lineKey": "tra_sched|縱貫線北段",
        "name": "八堵",
        "color": "#2E6FB0",
        "colorDark": "#1c3857",
        "colorFaintLight": "#adc1d1",
        "colorFaintDark": "#17283d",
        "colorFaintSat": "#264449",
        "colorHiddenLight": "#cfd6d9",
        "colorHiddenDark": "#141f2e",
        "colorHiddenSat": "#253f3c",
        "colorFollowDark": "#234c78"
      },
      "geometry": {
        "type": "Point",
        "coordinates": [
          121.729007,
          25.108495
        ]
      }
    },
    {
      "type": "Feature",
      "properties": {
        "sys": "tra_sched",
        "lineId": "縱貫線北段",
        "lineKey": "tra_sched|縱貫線北段",
        "name": "七堵",
        "color": "#2E6FB0",
        "colorDark": "#1c3857",
        "colorFaintLight": "#adc1d1",
        "colorFaintDark": "#17283d",
        "colorFaintSat": "#264449",
        "colorHiddenLight": "#cfd6d9",
        "colorHiddenDark": "#141f2e",
        "colorHiddenSat": "#253f3c",
        "colorFollowDark": "#234c78"
      },
      "geometry": {
        "type": "Point",
        "coordinates": [
          121.713857,
          25.092975
        ]
      }
    },
    {
      "type": "Feature",
      "properties": {
        "sys": "tra_sched",
        "lineId": "縱貫線北段",
        "lineKey": "tra_sched|縱貫線北段",
        "name": "百福",
        "color": "#2E6FB0",
        "colorDark": "#1c3857",
        "colorFaintLight": "#adc1d1",
        "colorFaintDark": "#17283d",
        "colorFaintSat": "#264449",
        "colorHiddenLight": "#cfd6d9",
        "colorHiddenDark": "#141f2e",
        "colorHiddenSat": "#253f3c",
        "colorFollowDark": "#234c78"
      },
      "geometry": {
        "type": "Point",
        "coordinates": [
          121.69379,
          25.07795
        ]
      }
    },
    {
      "type": "Feature",
      "properties": {
        "sys": "tra_sched",
        "lineId": "縱貫線北段",
        "lineKey": "tra_sched|縱貫線北段",
        "name": "五堵",
        "color": "#2E6FB0",
        "colorDark": "#1c3857",
        "colorFaintLight": "#adc1d1",
        "colorFaintDark": "#17283d",
        "colorFaintSat": "#264449",
        "colorHiddenLight": "#cfd6d9",
        "colorHiddenDark": "#141f2e",
        "colorHiddenSat": "#253f3c",
        "colorFollowDark": "#234c78"
      },
      "geometry": {
        "type": "Point",
        "coordinates": [
          121.667631,
          25.077905
        ]
      }
    },
    {
      "type": "Feature",
      "properties": {
        "sys": "tra_sched",
        "lineId": "縱貫線北段",
        "lineKey": "tra_sched|縱貫線北段",
        "name": "汐止",
        "color": "#2E6FB0",
        "colorDark": "#1c3857",
        "colorFaintLight": "#adc1d1",
        "colorFaintDark": "#17283d",
        "colorFaintSat": "#264449",
        "colorHiddenLight": "#cfd6d9",
        "colorHiddenDark": "#141f2e",
        "colorHiddenSat": "#253f3c",
        "colorFollowDark": "#234c78"
      },
      "geometry": {
        "type": "Point",
        "coordinates": [
          121.660685,
          25.067421
        ]
      }
    },
    {
      "type": "Feature",
      "properties": {
        "sys": "tra_sched",
        "lineId": "縱貫線北段",
        "lineKey": "tra_sched|縱貫線北段",
        "name": "汐科",
        "color": "#2E6FB0",
        "colorDark": "#1c3857",
        "colorFaintLight": "#adc1d1",
        "colorFaintDark": "#17283d",
        "colorFaintSat": "#264449",
        "colorHiddenLight": "#cfd6d9",
        "colorHiddenDark": "#141f2e",
        "colorHiddenSat": "#253f3c",
        "colorFollowDark": "#234c78"
      },
      "geometry": {
        "type": "Point",
        "coordinates": [
          121.65233,
          25.06406
        ]
      }
    },
    {
      "type": "Feature",
      "properties": {
        "sys": "tra_sched",
        "lineId": "縱貫線北段",
        "lineKey": "tra_sched|縱貫線北段",
        "name": "南港",
        "color": "#2E6FB0",
        "colorDark": "#1c3857",
        "colorFaintLight": "#adc1d1",
        "colorFaintDark": "#17283d",
        "colorFaintSat": "#264449",
        "colorHiddenLight": "#cfd6d9",
        "colorHiddenDark": "#141f2e",
        "colorHiddenSat": "#253f3c",
        "colorFollowDark": "#234c78"
      },
      "geometry": {
        "type": "Point",
        "coordinates": [
          121.607258,
          25.052869
        ]
      }
    },
    {
      "type": "Feature",
      "properties": {
        "sys": "tra_sched",
        "lineId": "縱貫線北段",
        "lineKey": "tra_sched|縱貫線北段",
        "name": "松山",
        "color": "#2E6FB0",
        "colorDark": "#1c3857",
        "colorFaintLight": "#adc1d1",
        "colorFaintDark": "#17283d",
        "colorFaintSat": "#264449",
        "colorHiddenLight": "#cfd6d9",
        "colorHiddenDark": "#141f2e",
        "colorHiddenSat": "#253f3c",
        "colorFollowDark": "#234c78"
      },
      "geometry": {
        "type": "Point",
        "coordinates": [
          121.578164,
          25.049154
        ]
      }
    },
    {
      "type": "Feature",
      "properties": {
        "sys": "tra_sched",
        "lineId": "縱貫線北段",
        "lineKey": "tra_sched|縱貫線北段",
        "name": "臺北",
        "color": "#2E6FB0",
        "colorDark": "#1c3857",
        "colorFaintLight": "#adc1d1",
        "colorFaintDark": "#17283d",
        "colorFaintSat": "#264449",
        "colorHiddenLight": "#cfd6d9",
        "colorHiddenDark": "#141f2e",
        "colorHiddenSat": "#253f3c",
        "colorFollowDark": "#234c78"
      },
      "geometry": {
        "type": "Point",
        "coordinates": [
          121.517005,
          25.047931
        ]
      }
    },
    {
      "type": "Feature",
      "properties": {
        "sys": "tra_sched",
        "lineId": "縱貫線北段",
        "lineKey": "tra_sched|縱貫線北段",
        "name": "萬華",
        "color": "#2E6FB0",
        "colorDark": "#1c3857",
        "colorFaintLight": "#adc1d1",
        "colorFaintDark": "#17283d",
        "colorFaintSat": "#264449",
        "colorHiddenLight": "#cfd6d9",
        "colorHiddenDark": "#141f2e",
        "colorHiddenSat": "#253f3c",
        "colorFollowDark": "#234c78"
      },
      "geometry": {
        "type": "Point",
        "coordinates": [
          121.499927,
          25.03344
        ]
      }
    },
    {
      "type": "Feature",
      "properties": {
        "sys": "tra_sched",
        "lineId": "縱貫線北段",
        "lineKey": "tra_sched|縱貫線北段",
        "name": "板橋",
        "color": "#2E6FB0",
        "colorDark": "#1c3857",
        "colorFaintLight": "#adc1d1",
        "colorFaintDark": "#17283d",
        "colorFaintSat": "#264449",
        "colorHiddenLight": "#cfd6d9",
        "colorHiddenDark": "#141f2e",
        "colorHiddenSat": "#253f3c",
        "colorFollowDark": "#234c78"
      },
      "geometry": {
        "type": "Point",
        "coordinates": [
          121.464128,
          25.01381
        ]
      }
    },
    {
      "type": "Feature",
      "properties": {
        "sys": "tra_sched",
        "lineId": "縱貫線北段",
        "lineKey": "tra_sched|縱貫線北段",
        "name": "浮洲",
        "color": "#2E6FB0",
        "colorDark": "#1c3857",
        "colorFaintLight": "#adc1d1",
        "colorFaintDark": "#17283d",
        "colorFaintSat": "#264449",
        "colorHiddenLight": "#cfd6d9",
        "colorHiddenDark": "#141f2e",
        "colorHiddenSat": "#253f3c",
        "colorFollowDark": "#234c78"
      },
      "geometry": {
        "type": "Point",
        "coordinates": [
          121.444762,
          25.004192
        ]
      }
    },
    {
      "type": "Feature",
      "properties": {
        "sys": "tra_sched",
        "lineId": "縱貫線北段",
        "lineKey": "tra_sched|縱貫線北段",
        "name": "樹林",
        "color": "#2E6FB0",
        "colorDark": "#1c3857",
        "colorFaintLight": "#adc1d1",
        "colorFaintDark": "#17283d",
        "colorFaintSat": "#264449",
        "colorHiddenLight": "#cfd6d9",
        "colorHiddenDark": "#141f2e",
        "colorHiddenSat": "#253f3c",
        "colorFollowDark": "#234c78"
      },
      "geometry": {
        "type": "Point",
        "coordinates": [
          121.424535,
          24.991216
        ]
      }
    },
    {
      "type": "Feature",
      "properties": {
        "sys": "tra_sched",
        "lineId": "縱貫線北段",
        "lineKey": "tra_sched|縱貫線北段",
        "name": "南樹林",
        "color": "#2E6FB0",
        "colorDark": "#1c3857",
        "colorFaintLight": "#adc1d1",
        "colorFaintDark": "#17283d",
        "colorFaintSat": "#264449",
        "colorHiddenLight": "#cfd6d9",
        "colorHiddenDark": "#141f2e",
        "colorHiddenSat": "#253f3c",
        "colorFollowDark": "#234c78"
      },
      "geometry": {
        "type": "Point",
        "coordinates": [
          121.40884,
          24.98044
        ]
      }
    },
    {
      "type": "Feature",
      "properties": {
        "sys": "tra_sched",
        "lineId": "縱貫線北段",
        "lineKey": "tra_sched|縱貫線北段",
        "name": "山佳",
        "color": "#2E6FB0",
        "colorDark": "#1c3857",
        "colorFaintLight": "#adc1d1",
        "colorFaintDark": "#17283d",
        "colorFaintSat": "#264449",
        "colorHiddenLight": "#cfd6d9",
        "colorHiddenDark": "#141f2e",
        "colorHiddenSat": "#253f3c",
        "colorFollowDark": "#234c78"
      },
      "geometry": {
        "type": "Point",
        "coordinates": [
          121.392587,
          24.972689
        ]
      }
    },
    {
      "type": "Feature",
      "properties": {
        "sys": "tra_sched",
        "lineId": "縱貫線北段",
        "lineKey": "tra_sched|縱貫線北段",
        "name": "鶯歌",
        "color": "#2E6FB0",
        "colorDark": "#1c3857",
        "colorFaintLight": "#adc1d1",
        "colorFaintDark": "#17283d",
        "colorFaintSat": "#264449",
        "colorHiddenLight": "#cfd6d9",
        "colorHiddenDark": "#141f2e",
        "colorHiddenSat": "#253f3c",
        "colorFollowDark": "#234c78"
      },
      "geometry": {
        "type": "Point",
        "coordinates": [
          121.355161,
          24.954543
        ]
      }
    },
    {
      "type": "Feature",
      "properties": {
        "sys": "tra_sched",
        "lineId": "縱貫線北段",
        "lineKey": "tra_sched|縱貫線北段",
        "name": "鳳鳴",
        "color": "#2E6FB0",
        "colorDark": "#1c3857",
        "colorFaintLight": "#adc1d1",
        "colorFaintDark": "#17283d",
        "colorFaintSat": "#264449",
        "colorHiddenLight": "#cfd6d9",
        "colorHiddenDark": "#141f2e",
        "colorHiddenSat": "#253f3c",
        "colorFollowDark": "#234c78"
      },
      "geometry": {
        "type": "Point",
        "coordinates": [
          121.336797,
          24.972497
        ]
      }
    },
    {
      "type": "Feature",
      "properties": {
        "sys": "tra_sched",
        "lineId": "縱貫線北段",
        "lineKey": "tra_sched|縱貫線北段",
        "name": "桃園",
        "color": "#2E6FB0",
        "colorDark": "#1c3857",
        "colorFaintLight": "#adc1d1",
        "colorFaintDark": "#17283d",
        "colorFaintSat": "#264449",
        "colorHiddenLight": "#cfd6d9",
        "colorHiddenDark": "#141f2e",
        "colorHiddenSat": "#253f3c",
        "colorFollowDark": "#234c78"
      },
      "geometry": {
        "type": "Point",
        "coordinates": [
          121.313777,
          24.988726
        ]
      }
    },
    {
      "type": "Feature",
      "properties": {
        "sys": "tra_sched",
        "lineId": "縱貫線北段",
        "lineKey": "tra_sched|縱貫線北段",
        "name": "內壢",
        "color": "#2E6FB0",
        "colorDark": "#1c3857",
        "colorFaintLight": "#adc1d1",
        "colorFaintDark": "#17283d",
        "colorFaintSat": "#264449",
        "colorHiddenLight": "#cfd6d9",
        "colorHiddenDark": "#141f2e",
        "colorHiddenSat": "#253f3c",
        "colorFollowDark": "#234c78"
      },
      "geometry": {
        "type": "Point",
        "coordinates": [
          121.258353,
          24.97256
        ]
      }
    },
    {
      "type": "Feature",
      "properties": {
        "sys": "tra_sched",
        "lineId": "縱貫線北段",
        "lineKey": "tra_sched|縱貫線北段",
        "name": "中壢",
        "color": "#2E6FB0",
        "colorDark": "#1c3857",
        "colorFaintLight": "#adc1d1",
        "colorFaintDark": "#17283d",
        "colorFaintSat": "#264449",
        "colorHiddenLight": "#cfd6d9",
        "colorHiddenDark": "#141f2e",
        "colorHiddenSat": "#253f3c",
        "colorFollowDark": "#234c78"
      },
      "geometry": {
        "type": "Point",
        "coordinates": [
          121.22616,
          24.953317
        ]
      }
    },
    {
      "type": "Feature",
      "properties": {
        "sys": "tra_sched",
        "lineId": "縱貫線北段",
        "lineKey": "tra_sched|縱貫線北段",
        "name": "埔心",
        "color": "#2E6FB0",
        "colorDark": "#1c3857",
        "colorFaintLight": "#adc1d1",
        "colorFaintDark": "#17283d",
        "colorFaintSat": "#264449",
        "colorHiddenLight": "#cfd6d9",
        "colorHiddenDark": "#141f2e",
        "colorHiddenSat": "#253f3c",
        "colorFollowDark": "#234c78"
      },
      "geometry": {
        "type": "Point",
        "coordinates": [
          121.183619,
          24.919647
        ]
      }
    },
    {
      "type": "Feature",
      "properties": {
        "sys": "tra_sched",
        "lineId": "縱貫線北段",
        "lineKey": "tra_sched|縱貫線北段",
        "name": "楊梅",
        "color": "#2E6FB0",
        "colorDark": "#1c3857",
        "colorFaintLight": "#adc1d1",
        "colorFaintDark": "#17283d",
        "colorFaintSat": "#264449",
        "colorHiddenLight": "#cfd6d9",
        "colorHiddenDark": "#141f2e",
        "colorHiddenSat": "#253f3c",
        "colorFollowDark": "#234c78"
      },
      "geometry": {
        "type": "Point",
        "coordinates": [
          121.146507,
          24.914352
        ]
      }
    },
    {
      "type": "Feature",
      "properties": {
        "sys": "tra_sched",
        "lineId": "縱貫線北段",
        "lineKey": "tra_sched|縱貫線北段",
        "name": "富岡",
        "color": "#2E6FB0",
        "colorDark": "#1c3857",
        "colorFaintLight": "#adc1d1",
        "colorFaintDark": "#17283d",
        "colorFaintSat": "#264449",
        "colorHiddenLight": "#cfd6d9",
        "colorHiddenDark": "#141f2e",
        "colorHiddenSat": "#253f3c",
        "colorFollowDark": "#234c78"
      },
      "geometry": {
        "type": "Point",
        "coordinates": [
          121.082822,
          24.93409
        ]
      }
    },
    {
      "type": "Feature",
      "properties": {
        "sys": "tra_sched",
        "lineId": "縱貫線北段",
        "lineKey": "tra_sched|縱貫線北段",
        "name": "新富",
        "color": "#2E6FB0",
        "colorDark": "#1c3857",
        "colorFaintLight": "#adc1d1",
        "colorFaintDark": "#17283d",
        "colorFaintSat": "#264449",
        "colorHiddenLight": "#cfd6d9",
        "colorHiddenDark": "#141f2e",
        "colorHiddenSat": "#253f3c",
        "colorFollowDark": "#234c78"
      },
      "geometry": {
        "type": "Point",
        "coordinates": [
          121.067557,
          24.931095
        ]
      }
    },
    {
      "type": "Feature",
      "properties": {
        "sys": "tra_sched",
        "lineId": "縱貫線北段",
        "lineKey": "tra_sched|縱貫線北段",
        "name": "北湖",
        "color": "#2E6FB0",
        "colorDark": "#1c3857",
        "colorFaintLight": "#adc1d1",
        "colorFaintDark": "#17283d",
        "colorFaintSat": "#264449",
        "colorHiddenLight": "#cfd6d9",
        "colorHiddenDark": "#141f2e",
        "colorHiddenSat": "#253f3c",
        "colorFollowDark": "#234c78"
      },
      "geometry": {
        "type": "Point",
        "coordinates": [
          121.0559,
          24.922491
        ]
      }
    },
    {
      "type": "Feature",
      "properties": {
        "sys": "tra_sched",
        "lineId": "縱貫線北段",
        "lineKey": "tra_sched|縱貫線北段",
        "name": "湖口",
        "color": "#2E6FB0",
        "colorDark": "#1c3857",
        "colorFaintLight": "#adc1d1",
        "colorFaintDark": "#17283d",
        "colorFaintSat": "#264449",
        "colorHiddenLight": "#cfd6d9",
        "colorHiddenDark": "#141f2e",
        "colorHiddenSat": "#253f3c",
        "colorFollowDark": "#234c78"
      },
      "geometry": {
        "type": "Point",
        "coordinates": [
          121.043748,
          24.902802
        ]
      }
    },
    {
      "type": "Feature",
      "properties": {
        "sys": "tra_sched",
        "lineId": "縱貫線北段",
        "lineKey": "tra_sched|縱貫線北段",
        "name": "新豐",
        "color": "#2E6FB0",
        "colorDark": "#1c3857",
        "colorFaintLight": "#adc1d1",
        "colorFaintDark": "#17283d",
        "colorFaintSat": "#264449",
        "colorHiddenLight": "#cfd6d9",
        "colorHiddenDark": "#141f2e",
        "colorHiddenSat": "#253f3c",
        "colorFollowDark": "#234c78"
      },
      "geometry": {
        "type": "Point",
        "coordinates": [
          120.996534,
          24.869277
        ]
      }
    },
    {
      "type": "Feature",
      "properties": {
        "sys": "tra_sched",
        "lineId": "縱貫線北段",
        "lineKey": "tra_sched|縱貫線北段",
        "name": "竹北",
        "color": "#2E6FB0",
        "colorDark": "#1c3857",
        "colorFaintLight": "#adc1d1",
        "colorFaintDark": "#17283d",
        "colorFaintSat": "#264449",
        "colorHiddenLight": "#cfd6d9",
        "colorHiddenDark": "#141f2e",
        "colorHiddenSat": "#253f3c",
        "colorFollowDark": "#234c78"
      },
      "geometry": {
        "type": "Point",
        "coordinates": [
          121.009235,
          24.839173
        ]
      }
    },
    {
      "type": "Feature",
      "properties": {
        "sys": "tra_sched",
        "lineId": "縱貫線北段",
        "lineKey": "tra_sched|縱貫線北段",
        "name": "北新竹",
        "color": "#2E6FB0",
        "colorDark": "#1c3857",
        "colorFaintLight": "#adc1d1",
        "colorFaintDark": "#17283d",
        "colorFaintSat": "#264449",
        "colorHiddenLight": "#cfd6d9",
        "colorHiddenDark": "#141f2e",
        "colorHiddenSat": "#253f3c",
        "colorFollowDark": "#234c78"
      },
      "geometry": {
        "type": "Point",
        "coordinates": [
          120.98379,
          24.80863
        ]
      }
    },
    {
      "type": "Feature",
      "properties": {
        "sys": "tra_sched",
        "lineId": "縱貫線北段",
        "lineKey": "tra_sched|縱貫線北段",
        "name": "新竹",
        "color": "#2E6FB0",
        "colorDark": "#1c3857",
        "colorFaintLight": "#adc1d1",
        "colorFaintDark": "#17283d",
        "colorFaintSat": "#264449",
        "colorHiddenLight": "#cfd6d9",
        "colorHiddenDark": "#141f2e",
        "colorHiddenSat": "#253f3c",
        "colorFollowDark": "#234c78"
      },
      "geometry": {
        "type": "Point",
        "coordinates": [
          120.971678,
          24.801403
        ]
      }
    },
    {
      "type": "Feature",
      "properties": {
        "sys": "tra_sched",
        "lineId": "縱貫線北段",
        "lineKey": "tra_sched|縱貫線北段",
        "name": "三姓橋",
        "color": "#2E6FB0",
        "colorDark": "#1c3857",
        "colorFaintLight": "#adc1d1",
        "colorFaintDark": "#17283d",
        "colorFaintSat": "#264449",
        "colorHiddenLight": "#cfd6d9",
        "colorHiddenDark": "#141f2e",
        "colorHiddenSat": "#253f3c",
        "colorFollowDark": "#234c78"
      },
      "geometry": {
        "type": "Point",
        "coordinates": [
          120.92822,
          24.787232
        ]
      }
    },
    {
      "type": "Feature",
      "properties": {
        "sys": "tra_sched",
        "lineId": "縱貫線北段",
        "lineKey": "tra_sched|縱貫線北段",
        "name": "香山",
        "color": "#2E6FB0",
        "colorDark": "#1c3857",
        "colorFaintLight": "#adc1d1",
        "colorFaintDark": "#17283d",
        "colorFaintSat": "#264449",
        "colorHiddenLight": "#cfd6d9",
        "colorHiddenDark": "#141f2e",
        "colorHiddenSat": "#253f3c",
        "colorFollowDark": "#234c78"
      },
      "geometry": {
        "type": "Point",
        "coordinates": [
          120.91407,
          24.762919
        ]
      }
    },
    {
      "type": "Feature",
      "properties": {
        "sys": "tra_sched",
        "lineId": "縱貫線北段",
        "lineKey": "tra_sched|縱貫線北段",
        "name": "崎頂",
        "color": "#2E6FB0",
        "colorDark": "#1c3857",
        "colorFaintLight": "#adc1d1",
        "colorFaintDark": "#17283d",
        "colorFaintSat": "#264449",
        "colorHiddenLight": "#cfd6d9",
        "colorHiddenDark": "#141f2e",
        "colorHiddenSat": "#253f3c",
        "colorFollowDark": "#234c78"
      },
      "geometry": {
        "type": "Point",
        "coordinates": [
          120.87174,
          24.723075
        ]
      }
    },
    {
      "type": "Feature",
      "properties": {
        "sys": "tra_sched",
        "lineId": "縱貫線北段",
        "lineKey": "tra_sched|縱貫線北段",
        "name": "竹南",
        "color": "#2E6FB0",
        "colorDark": "#1c3857",
        "colorFaintLight": "#adc1d1",
        "colorFaintDark": "#17283d",
        "colorFaintSat": "#264449",
        "colorHiddenLight": "#cfd6d9",
        "colorHiddenDark": "#141f2e",
        "colorHiddenSat": "#253f3c",
        "colorFollowDark": "#234c78"
      },
      "geometry": {
        "type": "Point",
        "coordinates": [
          120.880749,
          24.68656
        ]
      }
    },
    {
      "type": "Feature",
      "properties": {
        "sys": "tra_sched",
        "lineId": "山線",
        "lineKey": "tra_sched|山線",
        "name": "竹南",
        "color": "#E8792B",
        "colorDark": "#663c22",
        "colorFaintLight": "#efc4a2",
        "colorFaintDark": "#402a1f",
        "colorFaintSat": "#4f462c",
        "colorHiddenLight": "#f0d8c1",
        "colorHiddenDark": "#2a201e",
        "colorHiddenSat": "#3c402c",
        "colorFollowDark": "#965325"
      },
      "geometry": {
        "type": "Point",
        "coordinates": [
          120.880749,
          24.68656
        ]
      }
    },
    {
      "type": "Feature",
      "properties": {
        "sys": "tra_sched",
        "lineId": "山線",
        "lineKey": "tra_sched|山線",
        "name": "造橋",
        "color": "#E8792B",
        "colorDark": "#663c22",
        "colorFaintLight": "#efc4a2",
        "colorFaintDark": "#402a1f",
        "colorFaintSat": "#4f462c",
        "colorHiddenLight": "#f0d8c1",
        "colorHiddenDark": "#2a201e",
        "colorHiddenSat": "#3c402c",
        "colorFollowDark": "#965325"
      },
      "geometry": {
        "type": "Point",
        "coordinates": [
          120.867435,
          24.641736
        ]
      }
    },
    {
      "type": "Feature",
      "properties": {
        "sys": "tra_sched",
        "lineId": "山線",
        "lineKey": "tra_sched|山線",
        "name": "豐富",
        "color": "#E8792B",
        "colorDark": "#663c22",
        "colorFaintLight": "#efc4a2",
        "colorFaintDark": "#402a1f",
        "colorFaintSat": "#4f462c",
        "colorHiddenLight": "#f0d8c1",
        "colorHiddenDark": "#2a201e",
        "colorHiddenSat": "#3c402c",
        "colorFollowDark": "#965325"
      },
      "geometry": {
        "type": "Point",
        "coordinates": [
          120.826295,
          24.604399
        ]
      }
    },
    {
      "type": "Feature",
      "properties": {
        "sys": "tra_sched",
        "lineId": "山線",
        "lineKey": "tra_sched|山線",
        "name": "苗栗",
        "color": "#E8792B",
        "colorDark": "#663c22",
        "colorFaintLight": "#efc4a2",
        "colorFaintDark": "#402a1f",
        "colorFaintSat": "#4f462c",
        "colorHiddenLight": "#f0d8c1",
        "colorHiddenDark": "#2a201e",
        "colorHiddenSat": "#3c402c",
        "colorFollowDark": "#965325"
      },
      "geometry": {
        "type": "Point",
        "coordinates": [
          120.822265,
          24.569232
        ]
      }
    },
    {
      "type": "Feature",
      "properties": {
        "sys": "tra_sched",
        "lineId": "山線",
        "lineKey": "tra_sched|山線",
        "name": "南勢",
        "color": "#E8792B",
        "colorDark": "#663c22",
        "colorFaintLight": "#efc4a2",
        "colorFaintDark": "#402a1f",
        "colorFaintSat": "#4f462c",
        "colorHiddenLight": "#f0d8c1",
        "colorHiddenDark": "#2a201e",
        "colorHiddenSat": "#3c402c",
        "colorFollowDark": "#965325"
      },
      "geometry": {
        "type": "Point",
        "coordinates": [
          120.791428,
          24.522633
        ]
      }
    },
    {
      "type": "Feature",
      "properties": {
        "sys": "tra_sched",
        "lineId": "山線",
        "lineKey": "tra_sched|山線",
        "name": "銅鑼",
        "color": "#E8792B",
        "colorDark": "#663c22",
        "colorFaintLight": "#efc4a2",
        "colorFaintDark": "#402a1f",
        "colorFaintSat": "#4f462c",
        "colorHiddenLight": "#f0d8c1",
        "colorHiddenDark": "#2a201e",
        "colorHiddenSat": "#3c402c",
        "colorFollowDark": "#965325"
      },
      "geometry": {
        "type": "Point",
        "coordinates": [
          120.786007,
          24.486325
        ]
      }
    },
    {
      "type": "Feature",
      "properties": {
        "sys": "tra_sched",
        "lineId": "山線",
        "lineKey": "tra_sched|山線",
        "name": "三義",
        "color": "#E8792B",
        "colorDark": "#663c22",
        "colorFaintLight": "#efc4a2",
        "colorFaintDark": "#402a1f",
        "colorFaintSat": "#4f462c",
        "colorHiddenLight": "#f0d8c1",
        "colorHiddenDark": "#2a201e",
        "colorHiddenSat": "#3c402c",
        "colorFollowDark": "#965325"
      },
      "geometry": {
        "type": "Point",
        "coordinates": [
          120.774238,
          24.420567
        ]
      }
    },
    {
      "type": "Feature",
      "properties": {
        "sys": "tra_sched",
        "lineId": "山線",
        "lineKey": "tra_sched|山線",
        "name": "泰安",
        "color": "#E8792B",
        "colorDark": "#663c22",
        "colorFaintLight": "#efc4a2",
        "colorFaintDark": "#402a1f",
        "colorFaintSat": "#4f462c",
        "colorHiddenLight": "#f0d8c1",
        "colorHiddenDark": "#2a201e",
        "colorHiddenSat": "#3c402c",
        "colorFollowDark": "#965325"
      },
      "geometry": {
        "type": "Point",
        "coordinates": [
          120.74181,
          24.33146
        ]
      }
    },
    {
      "type": "Feature",
      "properties": {
        "sys": "tra_sched",
        "lineId": "山線",
        "lineKey": "tra_sched|山線",
        "name": "后里",
        "color": "#E8792B",
        "colorDark": "#663c22",
        "colorFaintLight": "#efc4a2",
        "colorFaintDark": "#402a1f",
        "colorFaintSat": "#4f462c",
        "colorHiddenLight": "#f0d8c1",
        "colorHiddenDark": "#2a201e",
        "colorHiddenSat": "#3c402c",
        "colorFollowDark": "#965325"
      },
      "geometry": {
        "type": "Point",
        "coordinates": [
          120.733107,
          24.309206
        ]
      }
    },
    {
      "type": "Feature",
      "properties": {
        "sys": "tra_sched",
        "lineId": "山線",
        "lineKey": "tra_sched|山線",
        "name": "豐原",
        "color": "#E8792B",
        "colorDark": "#663c22",
        "colorFaintLight": "#efc4a2",
        "colorFaintDark": "#402a1f",
        "colorFaintSat": "#4f462c",
        "colorHiddenLight": "#f0d8c1",
        "colorHiddenDark": "#2a201e",
        "colorHiddenSat": "#3c402c",
        "colorFollowDark": "#965325"
      },
      "geometry": {
        "type": "Point",
        "coordinates": [
          120.723684,
          24.254542
        ]
      }
    },
    {
      "type": "Feature",
      "properties": {
        "sys": "tra_sched",
        "lineId": "山線",
        "lineKey": "tra_sched|山線",
        "name": "栗林",
        "color": "#E8792B",
        "colorDark": "#663c22",
        "colorFaintLight": "#efc4a2",
        "colorFaintDark": "#402a1f",
        "colorFaintSat": "#4f462c",
        "colorHiddenLight": "#f0d8c1",
        "colorHiddenDark": "#2a201e",
        "colorHiddenSat": "#3c402c",
        "colorFollowDark": "#965325"
      },
      "geometry": {
        "type": "Point",
        "coordinates": [
          120.710628,
          24.2346
        ]
      }
    },
    {
      "type": "Feature",
      "properties": {
        "sys": "tra_sched",
        "lineId": "山線",
        "lineKey": "tra_sched|山線",
        "name": "潭子",
        "color": "#E8792B",
        "colorDark": "#663c22",
        "colorFaintLight": "#efc4a2",
        "colorFaintDark": "#402a1f",
        "colorFaintSat": "#4f462c",
        "colorHiddenLight": "#f0d8c1",
        "colorHiddenDark": "#2a201e",
        "colorHiddenSat": "#3c402c",
        "colorFollowDark": "#965325"
      },
      "geometry": {
        "type": "Point",
        "coordinates": [
          120.705865,
          24.212502
        ]
      }
    },
    {
      "type": "Feature",
      "properties": {
        "sys": "tra_sched",
        "lineId": "山線",
        "lineKey": "tra_sched|山線",
        "name": "頭家厝",
        "color": "#E8792B",
        "colorDark": "#663c22",
        "colorFaintLight": "#efc4a2",
        "colorFaintDark": "#402a1f",
        "colorFaintSat": "#4f462c",
        "colorHiddenLight": "#f0d8c1",
        "colorHiddenDark": "#2a201e",
        "colorHiddenSat": "#3c402c",
        "colorFollowDark": "#965325"
      },
      "geometry": {
        "type": "Point",
        "coordinates": [
          120.703942,
          24.195261
        ]
      }
    },
    {
      "type": "Feature",
      "properties": {
        "sys": "tra_sched",
        "lineId": "山線",
        "lineKey": "tra_sched|山線",
        "name": "松竹",
        "color": "#E8792B",
        "colorDark": "#663c22",
        "colorFaintLight": "#efc4a2",
        "colorFaintDark": "#402a1f",
        "colorFaintSat": "#4f462c",
        "colorHiddenLight": "#f0d8c1",
        "colorHiddenDark": "#2a201e",
        "colorHiddenSat": "#3c402c",
        "colorFollowDark": "#965325"
      },
      "geometry": {
        "type": "Point",
        "coordinates": [
          120.701955,
          24.179872
        ]
      }
    },
    {
      "type": "Feature",
      "properties": {
        "sys": "tra_sched",
        "lineId": "山線",
        "lineKey": "tra_sched|山線",
        "name": "太原",
        "color": "#E8792B",
        "colorDark": "#663c22",
        "colorFaintLight": "#efc4a2",
        "colorFaintDark": "#402a1f",
        "colorFaintSat": "#4f462c",
        "colorHiddenLight": "#f0d8c1",
        "colorHiddenDark": "#2a201e",
        "colorHiddenSat": "#3c402c",
        "colorFollowDark": "#965325"
      },
      "geometry": {
        "type": "Point",
        "coordinates": [
          120.699952,
          24.16419
        ]
      }
    },
    {
      "type": "Feature",
      "properties": {
        "sys": "tra_sched",
        "lineId": "山線",
        "lineKey": "tra_sched|山線",
        "name": "精武",
        "color": "#E8792B",
        "colorDark": "#663c22",
        "colorFaintLight": "#efc4a2",
        "colorFaintDark": "#402a1f",
        "colorFaintSat": "#4f462c",
        "colorHiddenLight": "#f0d8c1",
        "colorHiddenDark": "#2a201e",
        "colorHiddenSat": "#3c402c",
        "colorFollowDark": "#965325"
      },
      "geometry": {
        "type": "Point",
        "coordinates": [
          120.69784,
          24.14887
        ]
      }
    },
    {
      "type": "Feature",
      "properties": {
        "sys": "tra_sched",
        "lineId": "山線",
        "lineKey": "tra_sched|山線",
        "name": "臺中",
        "color": "#E8792B",
        "colorDark": "#663c22",
        "colorFaintLight": "#efc4a2",
        "colorFaintDark": "#402a1f",
        "colorFaintSat": "#4f462c",
        "colorHiddenLight": "#f0d8c1",
        "colorHiddenDark": "#2a201e",
        "colorHiddenSat": "#3c402c",
        "colorFollowDark": "#965325"
      },
      "geometry": {
        "type": "Point",
        "coordinates": [
          120.686867,
          24.137066
        ]
      }
    },
    {
      "type": "Feature",
      "properties": {
        "sys": "tra_sched",
        "lineId": "山線",
        "lineKey": "tra_sched|山線",
        "name": "五權",
        "color": "#E8792B",
        "colorDark": "#663c22",
        "colorFaintLight": "#efc4a2",
        "colorFaintDark": "#402a1f",
        "colorFaintSat": "#4f462c",
        "colorHiddenLight": "#f0d8c1",
        "colorHiddenDark": "#2a201e",
        "colorHiddenSat": "#3c402c",
        "colorFollowDark": "#965325"
      },
      "geometry": {
        "type": "Point",
        "coordinates": [
          120.666686,
          24.128809
        ]
      }
    },
    {
      "type": "Feature",
      "properties": {
        "sys": "tra_sched",
        "lineId": "山線",
        "lineKey": "tra_sched|山線",
        "name": "大慶",
        "color": "#E8792B",
        "colorDark": "#663c22",
        "colorFaintLight": "#efc4a2",
        "colorFaintDark": "#402a1f",
        "colorFaintSat": "#4f462c",
        "colorHiddenLight": "#f0d8c1",
        "colorHiddenDark": "#2a201e",
        "colorHiddenSat": "#3c402c",
        "colorFollowDark": "#965325"
      },
      "geometry": {
        "type": "Point",
        "coordinates": [
          120.648774,
          24.119425
        ]
      }
    },
    {
      "type": "Feature",
      "properties": {
        "sys": "tra_sched",
        "lineId": "山線",
        "lineKey": "tra_sched|山線",
        "name": "烏日",
        "color": "#E8792B",
        "colorDark": "#663c22",
        "colorFaintLight": "#efc4a2",
        "colorFaintDark": "#402a1f",
        "colorFaintSat": "#4f462c",
        "colorHiddenLight": "#f0d8c1",
        "colorHiddenDark": "#2a201e",
        "colorHiddenSat": "#3c402c",
        "colorFollowDark": "#965325"
      },
      "geometry": {
        "type": "Point",
        "coordinates": [
          120.622407,
          24.108912
        ]
      }
    },
    {
      "type": "Feature",
      "properties": {
        "sys": "tra_sched",
        "lineId": "山線",
        "lineKey": "tra_sched|山線",
        "name": "新烏日",
        "color": "#E8792B",
        "colorDark": "#663c22",
        "colorFaintLight": "#efc4a2",
        "colorFaintDark": "#402a1f",
        "colorFaintSat": "#4f462c",
        "colorHiddenLight": "#f0d8c1",
        "colorHiddenDark": "#2a201e",
        "colorHiddenSat": "#3c402c",
        "colorFollowDark": "#965325"
      },
      "geometry": {
        "type": "Point",
        "coordinates": [
          120.614252,
          24.109784
        ]
      }
    },
    {
      "type": "Feature",
      "properties": {
        "sys": "tra_sched",
        "lineId": "山線",
        "lineKey": "tra_sched|山線",
        "name": "成功",
        "color": "#E8792B",
        "colorDark": "#663c22",
        "colorFaintLight": "#efc4a2",
        "colorFaintDark": "#402a1f",
        "colorFaintSat": "#4f462c",
        "colorHiddenLight": "#f0d8c1",
        "colorHiddenDark": "#2a201e",
        "colorHiddenSat": "#3c402c",
        "colorFollowDark": "#965325"
      },
      "geometry": {
        "type": "Point",
        "coordinates": [
          120.59021,
          24.11424
        ]
      }
    },
    {
      "type": "Feature",
      "properties": {
        "sys": "tra_sched",
        "lineId": "山線",
        "lineKey": "tra_sched|山線",
        "name": "彰化",
        "color": "#E8792B",
        "colorDark": "#663c22",
        "colorFaintLight": "#efc4a2",
        "colorFaintDark": "#402a1f",
        "colorFaintSat": "#4f462c",
        "colorHiddenLight": "#f0d8c1",
        "colorHiddenDark": "#2a201e",
        "colorHiddenSat": "#3c402c",
        "colorFollowDark": "#965325"
      },
      "geometry": {
        "type": "Point",
        "coordinates": [
          120.538205,
          24.081673
        ]
      }
    },
    {
      "type": "Feature",
      "properties": {
        "sys": "tra_sched",
        "lineId": "海線",
        "lineKey": "tra_sched|海線",
        "name": "竹南",
        "color": "#3AA76D",
        "colorDark": "#214f3c",
        "colorFaintLight": "#b2d5b9",
        "colorFaintDark": "#19342e",
        "colorFaintSat": "#29503a",
        "colorHiddenLight": "#d1e0cd",
        "colorHiddenDark": "#152626",
        "colorHiddenSat": "#274534",
        "colorFollowDark": "#2a6f4e"
      },
      "geometry": {
        "type": "Point",
        "coordinates": [
          120.880749,
          24.68656
        ]
      }
    },
    {
      "type": "Feature",
      "properties": {
        "sys": "tra_sched",
        "lineId": "海線",
        "lineKey": "tra_sched|海線",
        "name": "談文",
        "color": "#3AA76D",
        "colorDark": "#214f3c",
        "colorFaintLight": "#b2d5b9",
        "colorFaintDark": "#19342e",
        "colorFaintSat": "#29503a",
        "colorHiddenLight": "#d1e0cd",
        "colorHiddenDark": "#152626",
        "colorHiddenSat": "#274534",
        "colorFollowDark": "#2a6f4e"
      },
      "geometry": {
        "type": "Point",
        "coordinates": [
          120.858225,
          24.656555
        ]
      }
    },
    {
      "type": "Feature",
      "properties": {
        "sys": "tra_sched",
        "lineId": "海線",
        "lineKey": "tra_sched|海線",
        "name": "大山",
        "color": "#3AA76D",
        "colorDark": "#214f3c",
        "colorFaintLight": "#b2d5b9",
        "colorFaintDark": "#19342e",
        "colorFaintSat": "#29503a",
        "colorHiddenLight": "#d1e0cd",
        "colorHiddenDark": "#152626",
        "colorHiddenSat": "#274534",
        "colorFollowDark": "#2a6f4e"
      },
      "geometry": {
        "type": "Point",
        "coordinates": [
          120.80363,
          24.645692
        ]
      }
    },
    {
      "type": "Feature",
      "properties": {
        "sys": "tra_sched",
        "lineId": "海線",
        "lineKey": "tra_sched|海線",
        "name": "後龍",
        "color": "#3AA76D",
        "colorDark": "#214f3c",
        "colorFaintLight": "#b2d5b9",
        "colorFaintDark": "#19342e",
        "colorFaintSat": "#29503a",
        "colorHiddenLight": "#d1e0cd",
        "colorHiddenDark": "#152626",
        "colorHiddenSat": "#274534",
        "colorFollowDark": "#2a6f4e"
      },
      "geometry": {
        "type": "Point",
        "coordinates": [
          120.787224,
          24.616249
        ]
      }
    },
    {
      "type": "Feature",
      "properties": {
        "sys": "tra_sched",
        "lineId": "海線",
        "lineKey": "tra_sched|海線",
        "name": "龍港",
        "color": "#3AA76D",
        "colorDark": "#214f3c",
        "colorFaintLight": "#b2d5b9",
        "colorFaintDark": "#19342e",
        "colorFaintSat": "#29503a",
        "colorHiddenLight": "#d1e0cd",
        "colorHiddenDark": "#152626",
        "colorHiddenSat": "#274534",
        "colorFollowDark": "#2a6f4e"
      },
      "geometry": {
        "type": "Point",
        "coordinates": [
          120.758119,
          24.611907
        ]
      }
    },
    {
      "type": "Feature",
      "properties": {
        "sys": "tra_sched",
        "lineId": "海線",
        "lineKey": "tra_sched|海線",
        "name": "白沙屯",
        "color": "#3AA76D",
        "colorDark": "#214f3c",
        "colorFaintLight": "#b2d5b9",
        "colorFaintDark": "#19342e",
        "colorFaintSat": "#29503a",
        "colorHiddenLight": "#d1e0cd",
        "colorHiddenDark": "#152626",
        "colorHiddenSat": "#274534",
        "colorFollowDark": "#2a6f4e"
      },
      "geometry": {
        "type": "Point",
        "coordinates": [
          120.707945,
          24.564931
        ]
      }
    },
    {
      "type": "Feature",
      "properties": {
        "sys": "tra_sched",
        "lineId": "海線",
        "lineKey": "tra_sched|海線",
        "name": "新埔",
        "color": "#3AA76D",
        "colorDark": "#214f3c",
        "colorFaintLight": "#b2d5b9",
        "colorFaintDark": "#19342e",
        "colorFaintSat": "#29503a",
        "colorHiddenLight": "#d1e0cd",
        "colorHiddenDark": "#152626",
        "colorHiddenSat": "#274534",
        "colorFollowDark": "#2a6f4e"
      },
      "geometry": {
        "type": "Point",
        "coordinates": [
          120.695503,
          24.540268
        ]
      }
    },
    {
      "type": "Feature",
      "properties": {
        "sys": "tra_sched",
        "lineId": "海線",
        "lineKey": "tra_sched|海線",
        "name": "通霄",
        "color": "#3AA76D",
        "colorDark": "#214f3c",
        "colorFaintLight": "#b2d5b9",
        "colorFaintDark": "#19342e",
        "colorFaintSat": "#29503a",
        "colorHiddenLight": "#d1e0cd",
        "colorHiddenDark": "#152626",
        "colorHiddenSat": "#274534",
        "colorFollowDark": "#2a6f4e"
      },
      "geometry": {
        "type": "Point",
        "coordinates": [
          120.678372,
          24.49175
        ]
      }
    },
    {
      "type": "Feature",
      "properties": {
        "sys": "tra_sched",
        "lineId": "海線",
        "lineKey": "tra_sched|海線",
        "name": "苑裡",
        "color": "#3AA76D",
        "colorDark": "#214f3c",
        "colorFaintLight": "#b2d5b9",
        "colorFaintDark": "#19342e",
        "colorFaintSat": "#29503a",
        "colorHiddenLight": "#d1e0cd",
        "colorHiddenDark": "#152626",
        "colorHiddenSat": "#274534",
        "colorFollowDark": "#2a6f4e"
      },
      "geometry": {
        "type": "Point",
        "coordinates": [
          120.651208,
          24.443494
        ]
      }
    },
    {
      "type": "Feature",
      "properties": {
        "sys": "tra_sched",
        "lineId": "海線",
        "lineKey": "tra_sched|海線",
        "name": "日南",
        "color": "#3AA76D",
        "colorDark": "#214f3c",
        "colorFaintLight": "#b2d5b9",
        "colorFaintDark": "#19342e",
        "colorFaintSat": "#29503a",
        "colorHiddenLight": "#d1e0cd",
        "colorHiddenDark": "#152626",
        "colorHiddenSat": "#274534",
        "colorFollowDark": "#2a6f4e"
      },
      "geometry": {
        "type": "Point",
        "coordinates": [
          120.6544,
          24.377831
        ]
      }
    },
    {
      "type": "Feature",
      "properties": {
        "sys": "tra_sched",
        "lineId": "海線",
        "lineKey": "tra_sched|海線",
        "name": "大甲",
        "color": "#3AA76D",
        "colorDark": "#214f3c",
        "colorFaintLight": "#b2d5b9",
        "colorFaintDark": "#19342e",
        "colorFaintSat": "#29503a",
        "colorHiddenLight": "#d1e0cd",
        "colorHiddenDark": "#152626",
        "colorHiddenSat": "#274534",
        "colorFollowDark": "#2a6f4e"
      },
      "geometry": {
        "type": "Point",
        "coordinates": [
          120.62729,
          24.344254
        ]
      }
    },
    {
      "type": "Feature",
      "properties": {
        "sys": "tra_sched",
        "lineId": "海線",
        "lineKey": "tra_sched|海線",
        "name": "臺中港",
        "color": "#3AA76D",
        "colorDark": "#214f3c",
        "colorFaintLight": "#b2d5b9",
        "colorFaintDark": "#19342e",
        "colorFaintSat": "#29503a",
        "colorHiddenLight": "#d1e0cd",
        "colorHiddenDark": "#152626",
        "colorHiddenSat": "#274534",
        "colorFollowDark": "#2a6f4e"
      },
      "geometry": {
        "type": "Point",
        "coordinates": [
          120.602681,
          24.304341
        ]
      }
    },
    {
      "type": "Feature",
      "properties": {
        "sys": "tra_sched",
        "lineId": "海線",
        "lineKey": "tra_sched|海線",
        "name": "清水",
        "color": "#3AA76D",
        "colorDark": "#214f3c",
        "colorFaintLight": "#b2d5b9",
        "colorFaintDark": "#19342e",
        "colorFaintSat": "#29503a",
        "colorHiddenLight": "#d1e0cd",
        "colorHiddenDark": "#152626",
        "colorHiddenSat": "#274534",
        "colorFollowDark": "#2a6f4e"
      },
      "geometry": {
        "type": "Point",
        "coordinates": [
          120.56884,
          24.263526
        ]
      }
    },
    {
      "type": "Feature",
      "properties": {
        "sys": "tra_sched",
        "lineId": "海線",
        "lineKey": "tra_sched|海線",
        "name": "沙鹿",
        "color": "#3AA76D",
        "colorDark": "#214f3c",
        "colorFaintLight": "#b2d5b9",
        "colorFaintDark": "#19342e",
        "colorFaintSat": "#29503a",
        "colorHiddenLight": "#d1e0cd",
        "colorHiddenDark": "#152626",
        "colorHiddenSat": "#274534",
        "colorFollowDark": "#2a6f4e"
      },
      "geometry": {
        "type": "Point",
        "coordinates": [
          120.557368,
          24.23713
        ]
      }
    },
    {
      "type": "Feature",
      "properties": {
        "sys": "tra_sched",
        "lineId": "海線",
        "lineKey": "tra_sched|海線",
        "name": "龍井",
        "color": "#3AA76D",
        "colorDark": "#214f3c",
        "colorFaintLight": "#b2d5b9",
        "colorFaintDark": "#19342e",
        "colorFaintSat": "#29503a",
        "colorHiddenLight": "#d1e0cd",
        "colorHiddenDark": "#152626",
        "colorHiddenSat": "#274534",
        "colorFollowDark": "#2a6f4e"
      },
      "geometry": {
        "type": "Point",
        "coordinates": [
          120.543139,
          24.197532
        ]
      }
    },
    {
      "type": "Feature",
      "properties": {
        "sys": "tra_sched",
        "lineId": "海線",
        "lineKey": "tra_sched|海線",
        "name": "大肚",
        "color": "#3AA76D",
        "colorDark": "#214f3c",
        "colorFaintLight": "#b2d5b9",
        "colorFaintDark": "#19342e",
        "colorFaintSat": "#29503a",
        "colorHiddenLight": "#d1e0cd",
        "colorHiddenDark": "#152626",
        "colorHiddenSat": "#274534",
        "colorFollowDark": "#2a6f4e"
      },
      "geometry": {
        "type": "Point",
        "coordinates": [
          120.542181,
          24.154332
        ]
      }
    },
    {
      "type": "Feature",
      "properties": {
        "sys": "tra_sched",
        "lineId": "海線",
        "lineKey": "tra_sched|海線",
        "name": "追分",
        "color": "#3AA76D",
        "colorDark": "#214f3c",
        "colorFaintLight": "#b2d5b9",
        "colorFaintDark": "#19342e",
        "colorFaintSat": "#29503a",
        "colorHiddenLight": "#d1e0cd",
        "colorHiddenDark": "#152626",
        "colorHiddenSat": "#274534",
        "colorFollowDark": "#2a6f4e"
      },
      "geometry": {
        "type": "Point",
        "coordinates": [
          120.570124,
          24.120227
        ]
      }
    },
    {
      "type": "Feature",
      "properties": {
        "sys": "tra_sched",
        "lineId": "海線",
        "lineKey": "tra_sched|海線",
        "name": "彰化",
        "color": "#3AA76D",
        "colorDark": "#214f3c",
        "colorFaintLight": "#b2d5b9",
        "colorFaintDark": "#19342e",
        "colorFaintSat": "#29503a",
        "colorHiddenLight": "#d1e0cd",
        "colorHiddenDark": "#152626",
        "colorHiddenSat": "#274534",
        "colorFollowDark": "#2a6f4e"
      },
      "geometry": {
        "type": "Point",
        "coordinates": [
          120.538205,
          24.081673
        ]
      }
    },
    {
      "type": "Feature",
      "properties": {
        "sys": "tra_sched",
        "lineId": "縱貫線南段",
        "lineKey": "tra_sched|縱貫線南段",
        "name": "彰化",
        "color": "#C0392B",
        "colorDark": "#562322",
        "colorFaintLight": "#e1aea2",
        "colorFaintDark": "#371c1f",
        "colorFaintSat": "#46382c",
        "colorHiddenLight": "#e9cdc1",
        "colorHiddenDark": "#25181e",
        "colorHiddenSat": "#37382c",
        "colorFollowDark": "#7d2b25"
      },
      "geometry": {
        "type": "Point",
        "coordinates": [
          120.538205,
          24.081673
        ]
      }
    },
    {
      "type": "Feature",
      "properties": {
        "sys": "tra_sched",
        "lineId": "縱貫線南段",
        "lineKey": "tra_sched|縱貫線南段",
        "name": "花壇",
        "color": "#C0392B",
        "colorDark": "#562322",
        "colorFaintLight": "#e1aea2",
        "colorFaintDark": "#371c1f",
        "colorFaintSat": "#46382c",
        "colorHiddenLight": "#e9cdc1",
        "colorHiddenDark": "#25181e",
        "colorHiddenSat": "#37382c",
        "colorFollowDark": "#7d2b25"
      },
      "geometry": {
        "type": "Point",
        "coordinates": [
          120.537228,
          24.024992
        ]
      }
    },
    {
      "type": "Feature",
      "properties": {
        "sys": "tra_sched",
        "lineId": "縱貫線南段",
        "lineKey": "tra_sched|縱貫線南段",
        "name": "大村",
        "color": "#C0392B",
        "colorDark": "#562322",
        "colorFaintLight": "#e1aea2",
        "colorFaintDark": "#371c1f",
        "colorFaintSat": "#46382c",
        "colorHiddenLight": "#e9cdc1",
        "colorHiddenDark": "#25181e",
        "colorHiddenSat": "#37382c",
        "colorFollowDark": "#7d2b25"
      },
      "geometry": {
        "type": "Point",
        "coordinates": [
          120.560572,
          23.990052
        ]
      }
    },
    {
      "type": "Feature",
      "properties": {
        "sys": "tra_sched",
        "lineId": "縱貫線南段",
        "lineKey": "tra_sched|縱貫線南段",
        "name": "員林",
        "color": "#C0392B",
        "colorDark": "#562322",
        "colorFaintLight": "#e1aea2",
        "colorFaintDark": "#371c1f",
        "colorFaintSat": "#46382c",
        "colorHiddenLight": "#e9cdc1",
        "colorHiddenDark": "#25181e",
        "colorHiddenSat": "#37382c",
        "colorFollowDark": "#7d2b25"
      },
      "geometry": {
        "type": "Point",
        "coordinates": [
          120.569632,
          23.959349
        ]
      }
    },
    {
      "type": "Feature",
      "properties": {
        "sys": "tra_sched",
        "lineId": "縱貫線南段",
        "lineKey": "tra_sched|縱貫線南段",
        "name": "永靖",
        "color": "#C0392B",
        "colorDark": "#562322",
        "colorFaintLight": "#e1aea2",
        "colorFaintDark": "#371c1f",
        "colorFaintSat": "#46382c",
        "colorHiddenLight": "#e9cdc1",
        "colorHiddenDark": "#25181e",
        "colorHiddenSat": "#37382c",
        "colorFollowDark": "#7d2b25"
      },
      "geometry": {
        "type": "Point",
        "coordinates": [
          120.571641,
          23.928192
        ]
      }
    },
    {
      "type": "Feature",
      "properties": {
        "sys": "tra_sched",
        "lineId": "縱貫線南段",
        "lineKey": "tra_sched|縱貫線南段",
        "name": "社頭",
        "color": "#C0392B",
        "colorDark": "#562322",
        "colorFaintLight": "#e1aea2",
        "colorFaintDark": "#371c1f",
        "colorFaintSat": "#46382c",
        "colorHiddenLight": "#e9cdc1",
        "colorHiddenDark": "#25181e",
        "colorHiddenSat": "#37382c",
        "colorFollowDark": "#7d2b25"
      },
      "geometry": {
        "type": "Point",
        "coordinates": [
          120.580485,
          23.895825
        ]
      }
    },
    {
      "type": "Feature",
      "properties": {
        "sys": "tra_sched",
        "lineId": "縱貫線南段",
        "lineKey": "tra_sched|縱貫線南段",
        "name": "田中",
        "color": "#C0392B",
        "colorDark": "#562322",
        "colorFaintLight": "#e1aea2",
        "colorFaintDark": "#371c1f",
        "colorFaintSat": "#46382c",
        "colorHiddenLight": "#e9cdc1",
        "colorHiddenDark": "#25181e",
        "colorHiddenSat": "#37382c",
        "colorFollowDark": "#7d2b25"
      },
      "geometry": {
        "type": "Point",
        "coordinates": [
          120.591569,
          23.858369
        ]
      }
    },
    {
      "type": "Feature",
      "properties": {
        "sys": "tra_sched",
        "lineId": "縱貫線南段",
        "lineKey": "tra_sched|縱貫線南段",
        "name": "二水",
        "color": "#C0392B",
        "colorDark": "#562322",
        "colorFaintLight": "#e1aea2",
        "colorFaintDark": "#371c1f",
        "colorFaintSat": "#46382c",
        "colorHiddenLight": "#e9cdc1",
        "colorHiddenDark": "#25181e",
        "colorHiddenSat": "#37382c",
        "colorFollowDark": "#7d2b25"
      },
      "geometry": {
        "type": "Point",
        "coordinates": [
          120.6184,
          23.813291
        ]
      }
    },
    {
      "type": "Feature",
      "properties": {
        "sys": "tra_sched",
        "lineId": "縱貫線南段",
        "lineKey": "tra_sched|縱貫線南段",
        "name": "林內",
        "color": "#C0392B",
        "colorDark": "#562322",
        "colorFaintLight": "#e1aea2",
        "colorFaintDark": "#371c1f",
        "colorFaintSat": "#46382c",
        "colorHiddenLight": "#e9cdc1",
        "colorHiddenDark": "#25181e",
        "colorHiddenSat": "#37382c",
        "colorFollowDark": "#7d2b25"
      },
      "geometry": {
        "type": "Point",
        "coordinates": [
          120.614563,
          23.759775
        ]
      }
    },
    {
      "type": "Feature",
      "properties": {
        "sys": "tra_sched",
        "lineId": "縱貫線南段",
        "lineKey": "tra_sched|縱貫線南段",
        "name": "石榴",
        "color": "#C0392B",
        "colorDark": "#562322",
        "colorFaintLight": "#e1aea2",
        "colorFaintDark": "#371c1f",
        "colorFaintSat": "#46382c",
        "colorHiddenLight": "#e9cdc1",
        "colorHiddenDark": "#25181e",
        "colorHiddenSat": "#37382c",
        "colorFollowDark": "#7d2b25"
      },
      "geometry": {
        "type": "Point",
        "coordinates": [
          120.579796,
          23.731738
        ]
      }
    },
    {
      "type": "Feature",
      "properties": {
        "sys": "tra_sched",
        "lineId": "縱貫線南段",
        "lineKey": "tra_sched|縱貫線南段",
        "name": "斗六",
        "color": "#C0392B",
        "colorDark": "#562322",
        "colorFaintLight": "#e1aea2",
        "colorFaintDark": "#371c1f",
        "colorFaintSat": "#46382c",
        "colorHiddenLight": "#e9cdc1",
        "colorHiddenDark": "#25181e",
        "colorHiddenSat": "#37382c",
        "colorFollowDark": "#7d2b25"
      },
      "geometry": {
        "type": "Point",
        "coordinates": [
          120.541155,
          23.711808
        ]
      }
    },
    {
      "type": "Feature",
      "properties": {
        "sys": "tra_sched",
        "lineId": "縱貫線南段",
        "lineKey": "tra_sched|縱貫線南段",
        "name": "斗南",
        "color": "#C0392B",
        "colorDark": "#562322",
        "colorFaintLight": "#e1aea2",
        "colorFaintDark": "#371c1f",
        "colorFaintSat": "#46382c",
        "colorHiddenLight": "#e9cdc1",
        "colorHiddenDark": "#25181e",
        "colorHiddenSat": "#37382c",
        "colorFollowDark": "#7d2b25"
      },
      "geometry": {
        "type": "Point",
        "coordinates": [
          120.481102,
          23.672698
        ]
      }
    },
    {
      "type": "Feature",
      "properties": {
        "sys": "tra_sched",
        "lineId": "縱貫線南段",
        "lineKey": "tra_sched|縱貫線南段",
        "name": "石龜",
        "color": "#C0392B",
        "colorDark": "#562322",
        "colorFaintLight": "#e1aea2",
        "colorFaintDark": "#371c1f",
        "colorFaintSat": "#46382c",
        "colorHiddenLight": "#e9cdc1",
        "colorHiddenDark": "#25181e",
        "colorHiddenSat": "#37382c",
        "colorFollowDark": "#7d2b25"
      },
      "geometry": {
        "type": "Point",
        "coordinates": [
          120.470958,
          23.639562
        ]
      }
    },
    {
      "type": "Feature",
      "properties": {
        "sys": "tra_sched",
        "lineId": "縱貫線南段",
        "lineKey": "tra_sched|縱貫線南段",
        "name": "大林",
        "color": "#C0392B",
        "colorDark": "#562322",
        "colorFaintLight": "#e1aea2",
        "colorFaintDark": "#371c1f",
        "colorFaintSat": "#46382c",
        "colorHiddenLight": "#e9cdc1",
        "colorHiddenDark": "#25181e",
        "colorHiddenSat": "#37382c",
        "colorFollowDark": "#7d2b25"
      },
      "geometry": {
        "type": "Point",
        "coordinates": [
          120.455979,
          23.600814
        ]
      }
    },
    {
      "type": "Feature",
      "properties": {
        "sys": "tra_sched",
        "lineId": "縱貫線南段",
        "lineKey": "tra_sched|縱貫線南段",
        "name": "民雄",
        "color": "#C0392B",
        "colorDark": "#562322",
        "colorFaintLight": "#e1aea2",
        "colorFaintDark": "#371c1f",
        "colorFaintSat": "#46382c",
        "colorHiddenLight": "#e9cdc1",
        "colorHiddenDark": "#25181e",
        "colorHiddenSat": "#37382c",
        "colorFollowDark": "#7d2b25"
      },
      "geometry": {
        "type": "Point",
        "coordinates": [
          120.431682,
          23.555228
        ]
      }
    },
    {
      "type": "Feature",
      "properties": {
        "sys": "tra_sched",
        "lineId": "縱貫線南段",
        "lineKey": "tra_sched|縱貫線南段",
        "name": "嘉北",
        "color": "#C0392B",
        "colorDark": "#562322",
        "colorFaintLight": "#e1aea2",
        "colorFaintDark": "#371c1f",
        "colorFaintSat": "#46382c",
        "colorHiddenLight": "#e9cdc1",
        "colorHiddenDark": "#25181e",
        "colorHiddenSat": "#37382c",
        "colorFollowDark": "#7d2b25"
      },
      "geometry": {
        "type": "Point",
        "coordinates": [
          120.448423,
          23.499842
        ]
      }
    },
    {
      "type": "Feature",
      "properties": {
        "sys": "tra_sched",
        "lineId": "縱貫線南段",
        "lineKey": "tra_sched|縱貫線南段",
        "name": "嘉義",
        "color": "#C0392B",
        "colorDark": "#562322",
        "colorFaintLight": "#e1aea2",
        "colorFaintDark": "#371c1f",
        "colorFaintSat": "#46382c",
        "colorHiddenLight": "#e9cdc1",
        "colorHiddenDark": "#25181e",
        "colorHiddenSat": "#37382c",
        "colorFollowDark": "#7d2b25"
      },
      "geometry": {
        "type": "Point",
        "coordinates": [
          120.441584,
          23.479904
        ]
      }
    },
    {
      "type": "Feature",
      "properties": {
        "sys": "tra_sched",
        "lineId": "縱貫線南段",
        "lineKey": "tra_sched|縱貫線南段",
        "name": "水上",
        "color": "#C0392B",
        "colorDark": "#562322",
        "colorFaintLight": "#e1aea2",
        "colorFaintDark": "#371c1f",
        "colorFaintSat": "#46382c",
        "colorHiddenLight": "#e9cdc1",
        "colorHiddenDark": "#25181e",
        "colorHiddenSat": "#37382c",
        "colorFollowDark": "#7d2b25"
      },
      "geometry": {
        "type": "Point",
        "coordinates": [
          120.399632,
          23.433705
        ]
      }
    },
    {
      "type": "Feature",
      "properties": {
        "sys": "tra_sched",
        "lineId": "縱貫線南段",
        "lineKey": "tra_sched|縱貫線南段",
        "name": "南靖",
        "color": "#C0392B",
        "colorDark": "#562322",
        "colorFaintLight": "#e1aea2",
        "colorFaintDark": "#371c1f",
        "colorFaintSat": "#46382c",
        "colorHiddenLight": "#e9cdc1",
        "colorHiddenDark": "#25181e",
        "colorHiddenSat": "#37382c",
        "colorFollowDark": "#7d2b25"
      },
      "geometry": {
        "type": "Point",
        "coordinates": [
          120.386834,
          23.41319
        ]
      }
    },
    {
      "type": "Feature",
      "properties": {
        "sys": "tra_sched",
        "lineId": "縱貫線南段",
        "lineKey": "tra_sched|縱貫線南段",
        "name": "後壁",
        "color": "#C0392B",
        "colorDark": "#562322",
        "colorFaintLight": "#e1aea2",
        "colorFaintDark": "#371c1f",
        "colorFaintSat": "#46382c",
        "colorHiddenLight": "#e9cdc1",
        "colorHiddenDark": "#25181e",
        "colorHiddenSat": "#37382c",
        "colorFollowDark": "#7d2b25"
      },
      "geometry": {
        "type": "Point",
        "coordinates": [
          120.360352,
          23.366149
        ]
      }
    },
    {
      "type": "Feature",
      "properties": {
        "sys": "tra_sched",
        "lineId": "縱貫線南段",
        "lineKey": "tra_sched|縱貫線南段",
        "name": "新營",
        "color": "#C0392B",
        "colorDark": "#562322",
        "colorFaintLight": "#e1aea2",
        "colorFaintDark": "#371c1f",
        "colorFaintSat": "#46382c",
        "colorHiddenLight": "#e9cdc1",
        "colorHiddenDark": "#25181e",
        "colorHiddenSat": "#37382c",
        "colorFollowDark": "#7d2b25"
      },
      "geometry": {
        "type": "Point",
        "coordinates": [
          120.323338,
          23.306398
        ]
      }
    },
    {
      "type": "Feature",
      "properties": {
        "sys": "tra_sched",
        "lineId": "縱貫線南段",
        "lineKey": "tra_sched|縱貫線南段",
        "name": "柳營",
        "color": "#C0392B",
        "colorDark": "#562322",
        "colorFaintLight": "#e1aea2",
        "colorFaintDark": "#371c1f",
        "colorFaintSat": "#46382c",
        "colorHiddenLight": "#e9cdc1",
        "colorHiddenDark": "#25181e",
        "colorHiddenSat": "#37382c",
        "colorFollowDark": "#7d2b25"
      },
      "geometry": {
        "type": "Point",
        "coordinates": [
          120.322515,
          23.277431
        ]
      }
    },
    {
      "type": "Feature",
      "properties": {
        "sys": "tra_sched",
        "lineId": "縱貫線南段",
        "lineKey": "tra_sched|縱貫線南段",
        "name": "林鳳營",
        "color": "#C0392B",
        "colorDark": "#562322",
        "colorFaintLight": "#e1aea2",
        "colorFaintDark": "#371c1f",
        "colorFaintSat": "#46382c",
        "colorHiddenLight": "#e9cdc1",
        "colorHiddenDark": "#25181e",
        "colorHiddenSat": "#37382c",
        "colorFollowDark": "#7d2b25"
      },
      "geometry": {
        "type": "Point",
        "coordinates": [
          120.321134,
          23.242596
        ]
      }
    },
    {
      "type": "Feature",
      "properties": {
        "sys": "tra_sched",
        "lineId": "縱貫線南段",
        "lineKey": "tra_sched|縱貫線南段",
        "name": "隆田",
        "color": "#C0392B",
        "colorDark": "#562322",
        "colorFaintLight": "#e1aea2",
        "colorFaintDark": "#371c1f",
        "colorFaintSat": "#46382c",
        "colorHiddenLight": "#e9cdc1",
        "colorHiddenDark": "#25181e",
        "colorHiddenSat": "#37382c",
        "colorFollowDark": "#7d2b25"
      },
      "geometry": {
        "type": "Point",
        "coordinates": [
          120.31949,
          23.192747
        ]
      }
    },
    {
      "type": "Feature",
      "properties": {
        "sys": "tra_sched",
        "lineId": "縱貫線南段",
        "lineKey": "tra_sched|縱貫線南段",
        "name": "拔林",
        "color": "#C0392B",
        "colorDark": "#562322",
        "colorFaintLight": "#e1aea2",
        "colorFaintDark": "#371c1f",
        "colorFaintSat": "#46382c",
        "colorHiddenLight": "#e9cdc1",
        "colorHiddenDark": "#25181e",
        "colorHiddenSat": "#37382c",
        "colorFollowDark": "#7d2b25"
      },
      "geometry": {
        "type": "Point",
        "coordinates": [
          120.321322,
          23.172789
        ]
      }
    },
    {
      "type": "Feature",
      "properties": {
        "sys": "tra_sched",
        "lineId": "縱貫線南段",
        "lineKey": "tra_sched|縱貫線南段",
        "name": "善化",
        "color": "#C0392B",
        "colorDark": "#562322",
        "colorFaintLight": "#e1aea2",
        "colorFaintDark": "#371c1f",
        "colorFaintSat": "#46382c",
        "colorHiddenLight": "#e9cdc1",
        "colorHiddenDark": "#25181e",
        "colorHiddenSat": "#37382c",
        "colorFollowDark": "#7d2b25"
      },
      "geometry": {
        "type": "Point",
        "coordinates": [
          120.306622,
          23.133037
        ]
      }
    },
    {
      "type": "Feature",
      "properties": {
        "sys": "tra_sched",
        "lineId": "縱貫線南段",
        "lineKey": "tra_sched|縱貫線南段",
        "name": "南科",
        "color": "#C0392B",
        "colorDark": "#562322",
        "colorFaintLight": "#e1aea2",
        "colorFaintDark": "#371c1f",
        "colorFaintSat": "#46382c",
        "colorHiddenLight": "#e9cdc1",
        "colorHiddenDark": "#25181e",
        "colorHiddenSat": "#37382c",
        "colorFollowDark": "#7d2b25"
      },
      "geometry": {
        "type": "Point",
        "coordinates": [
          120.301968,
          23.107245
        ]
      }
    },
    {
      "type": "Feature",
      "properties": {
        "sys": "tra_sched",
        "lineId": "縱貫線南段",
        "lineKey": "tra_sched|縱貫線南段",
        "name": "新市",
        "color": "#C0392B",
        "colorDark": "#562322",
        "colorFaintLight": "#e1aea2",
        "colorFaintDark": "#371c1f",
        "colorFaintSat": "#46382c",
        "colorHiddenLight": "#e9cdc1",
        "colorHiddenDark": "#25181e",
        "colorHiddenSat": "#37382c",
        "colorFollowDark": "#7d2b25"
      },
      "geometry": {
        "type": "Point",
        "coordinates": [
          120.289721,
          23.068223
        ]
      }
    },
    {
      "type": "Feature",
      "properties": {
        "sys": "tra_sched",
        "lineId": "縱貫線南段",
        "lineKey": "tra_sched|縱貫線南段",
        "name": "永康",
        "color": "#C0392B",
        "colorDark": "#562322",
        "colorFaintLight": "#e1aea2",
        "colorFaintDark": "#371c1f",
        "colorFaintSat": "#46382c",
        "colorHiddenLight": "#e9cdc1",
        "colorHiddenDark": "#25181e",
        "colorHiddenSat": "#37382c",
        "colorFollowDark": "#7d2b25"
      },
      "geometry": {
        "type": "Point",
        "coordinates": [
          120.253444,
          23.038556
        ]
      }
    },
    {
      "type": "Feature",
      "properties": {
        "sys": "tra_sched",
        "lineId": "縱貫線南段",
        "lineKey": "tra_sched|縱貫線南段",
        "name": "大橋",
        "color": "#C0392B",
        "colorDark": "#562322",
        "colorFaintLight": "#e1aea2",
        "colorFaintDark": "#371c1f",
        "colorFaintSat": "#46382c",
        "colorHiddenLight": "#e9cdc1",
        "colorHiddenDark": "#25181e",
        "colorHiddenSat": "#37382c",
        "colorFollowDark": "#7d2b25"
      },
      "geometry": {
        "type": "Point",
        "coordinates": [
          120.224293,
          23.019376
        ]
      }
    },
    {
      "type": "Feature",
      "properties": {
        "sys": "tra_sched",
        "lineId": "縱貫線南段",
        "lineKey": "tra_sched|縱貫線南段",
        "name": "臺南",
        "color": "#C0392B",
        "colorDark": "#562322",
        "colorFaintLight": "#e1aea2",
        "colorFaintDark": "#371c1f",
        "colorFaintSat": "#46382c",
        "colorHiddenLight": "#e9cdc1",
        "colorHiddenDark": "#25181e",
        "colorHiddenSat": "#37382c",
        "colorFollowDark": "#7d2b25"
      },
      "geometry": {
        "type": "Point",
        "coordinates": [
          120.213043,
          22.997215
        ]
      }
    },
    {
      "type": "Feature",
      "properties": {
        "sys": "tra_sched",
        "lineId": "縱貫線南段",
        "lineKey": "tra_sched|縱貫線南段",
        "name": "保安",
        "color": "#C0392B",
        "colorDark": "#562322",
        "colorFaintLight": "#e1aea2",
        "colorFaintDark": "#371c1f",
        "colorFaintSat": "#46382c",
        "colorHiddenLight": "#e9cdc1",
        "colorHiddenDark": "#25181e",
        "colorHiddenSat": "#37382c",
        "colorFollowDark": "#7d2b25"
      },
      "geometry": {
        "type": "Point",
        "coordinates": [
          120.231705,
          22.933044
        ]
      }
    },
    {
      "type": "Feature",
      "properties": {
        "sys": "tra_sched",
        "lineId": "縱貫線南段",
        "lineKey": "tra_sched|縱貫線南段",
        "name": "仁德",
        "color": "#C0392B",
        "colorDark": "#562322",
        "colorFaintLight": "#e1aea2",
        "colorFaintDark": "#371c1f",
        "colorFaintSat": "#46382c",
        "colorHiddenLight": "#e9cdc1",
        "colorHiddenDark": "#25181e",
        "colorHiddenSat": "#37382c",
        "colorFollowDark": "#7d2b25"
      },
      "geometry": {
        "type": "Point",
        "coordinates": [
          120.24054,
          22.92354
        ]
      }
    },
    {
      "type": "Feature",
      "properties": {
        "sys": "tra_sched",
        "lineId": "縱貫線南段",
        "lineKey": "tra_sched|縱貫線南段",
        "name": "中洲",
        "color": "#C0392B",
        "colorDark": "#562322",
        "colorFaintLight": "#e1aea2",
        "colorFaintDark": "#371c1f",
        "colorFaintSat": "#46382c",
        "colorHiddenLight": "#e9cdc1",
        "colorHiddenDark": "#25181e",
        "colorHiddenSat": "#37382c",
        "colorFollowDark": "#7d2b25"
      },
      "geometry": {
        "type": "Point",
        "coordinates": [
          120.25263,
          22.903906
        ]
      }
    },
    {
      "type": "Feature",
      "properties": {
        "sys": "tra_sched",
        "lineId": "縱貫線南段",
        "lineKey": "tra_sched|縱貫線南段",
        "name": "大湖",
        "color": "#C0392B",
        "colorDark": "#562322",
        "colorFaintLight": "#e1aea2",
        "colorFaintDark": "#371c1f",
        "colorFaintSat": "#46382c",
        "colorHiddenLight": "#e9cdc1",
        "colorHiddenDark": "#25181e",
        "colorHiddenSat": "#37382c",
        "colorFollowDark": "#7d2b25"
      },
      "geometry": {
        "type": "Point",
        "coordinates": [
          120.254112,
          22.878341
        ]
      }
    },
    {
      "type": "Feature",
      "properties": {
        "sys": "tra_sched",
        "lineId": "縱貫線南段",
        "lineKey": "tra_sched|縱貫線南段",
        "name": "路竹",
        "color": "#C0392B",
        "colorDark": "#562322",
        "colorFaintLight": "#e1aea2",
        "colorFaintDark": "#371c1f",
        "colorFaintSat": "#46382c",
        "colorHiddenLight": "#e9cdc1",
        "colorHiddenDark": "#25181e",
        "colorHiddenSat": "#37382c",
        "colorFollowDark": "#7d2b25"
      },
      "geometry": {
        "type": "Point",
        "coordinates": [
          120.266634,
          22.85386
        ]
      }
    },
    {
      "type": "Feature",
      "properties": {
        "sys": "tra_sched",
        "lineId": "縱貫線南段",
        "lineKey": "tra_sched|縱貫線南段",
        "name": "岡山",
        "color": "#C0392B",
        "colorDark": "#562322",
        "colorFaintLight": "#e1aea2",
        "colorFaintDark": "#371c1f",
        "colorFaintSat": "#46382c",
        "colorHiddenLight": "#e9cdc1",
        "colorHiddenDark": "#25181e",
        "colorHiddenSat": "#37382c",
        "colorFollowDark": "#7d2b25"
      },
      "geometry": {
        "type": "Point",
        "coordinates": [
          120.300467,
          22.792315
        ]
      }
    },
    {
      "type": "Feature",
      "properties": {
        "sys": "tra_sched",
        "lineId": "縱貫線南段",
        "lineKey": "tra_sched|縱貫線南段",
        "name": "橋頭",
        "color": "#C0392B",
        "colorDark": "#562322",
        "colorFaintLight": "#e1aea2",
        "colorFaintDark": "#371c1f",
        "colorFaintSat": "#46382c",
        "colorHiddenLight": "#e9cdc1",
        "colorHiddenDark": "#25181e",
        "colorHiddenSat": "#37382c",
        "colorFollowDark": "#7d2b25"
      },
      "geometry": {
        "type": "Point",
        "coordinates": [
          120.310255,
          22.761098
        ]
      }
    },
    {
      "type": "Feature",
      "properties": {
        "sys": "tra_sched",
        "lineId": "縱貫線南段",
        "lineKey": "tra_sched|縱貫線南段",
        "name": "楠梓",
        "color": "#C0392B",
        "colorDark": "#562322",
        "colorFaintLight": "#e1aea2",
        "colorFaintDark": "#371c1f",
        "colorFaintSat": "#46382c",
        "colorHiddenLight": "#e9cdc1",
        "colorHiddenDark": "#25181e",
        "colorHiddenSat": "#37382c",
        "colorFollowDark": "#7d2b25"
      },
      "geometry": {
        "type": "Point",
        "coordinates": [
          120.324127,
          22.727141
        ]
      }
    },
    {
      "type": "Feature",
      "properties": {
        "sys": "tra_sched",
        "lineId": "縱貫線南段",
        "lineKey": "tra_sched|縱貫線南段",
        "name": "新左營",
        "color": "#C0392B",
        "colorDark": "#562322",
        "colorFaintLight": "#e1aea2",
        "colorFaintDark": "#371c1f",
        "colorFaintSat": "#46382c",
        "colorHiddenLight": "#e9cdc1",
        "colorHiddenDark": "#25181e",
        "colorHiddenSat": "#37382c",
        "colorFollowDark": "#7d2b25"
      },
      "geometry": {
        "type": "Point",
        "coordinates": [
          120.307352,
          22.687568
        ]
      }
    },
    {
      "type": "Feature",
      "properties": {
        "sys": "tra_sched",
        "lineId": "縱貫線南段",
        "lineKey": "tra_sched|縱貫線南段",
        "name": "左營(舊城)",
        "color": "#C0392B",
        "colorDark": "#562322",
        "colorFaintLight": "#e1aea2",
        "colorFaintDark": "#371c1f",
        "colorFaintSat": "#46382c",
        "colorHiddenLight": "#e9cdc1",
        "colorHiddenDark": "#25181e",
        "colorHiddenSat": "#37382c",
        "colorFollowDark": "#7d2b25"
      },
      "geometry": {
        "type": "Point",
        "coordinates": [
          120.293754,
          22.67399
        ]
      }
    },
    {
      "type": "Feature",
      "properties": {
        "sys": "tra_sched",
        "lineId": "縱貫線南段",
        "lineKey": "tra_sched|縱貫線南段",
        "name": "內惟",
        "color": "#C0392B",
        "colorDark": "#562322",
        "colorFaintLight": "#e1aea2",
        "colorFaintDark": "#371c1f",
        "colorFaintSat": "#46382c",
        "colorHiddenLight": "#e9cdc1",
        "colorHiddenDark": "#25181e",
        "colorHiddenSat": "#37382c",
        "colorFollowDark": "#7d2b25"
      },
      "geometry": {
        "type": "Point",
        "coordinates": [
          120.28701,
          22.66589
        ]
      }
    },
    {
      "type": "Feature",
      "properties": {
        "sys": "tra_sched",
        "lineId": "縱貫線南段",
        "lineKey": "tra_sched|縱貫線南段",
        "name": "美術館",
        "color": "#C0392B",
        "colorDark": "#562322",
        "colorFaintLight": "#e1aea2",
        "colorFaintDark": "#371c1f",
        "colorFaintSat": "#46382c",
        "colorHiddenLight": "#e9cdc1",
        "colorHiddenDark": "#25181e",
        "colorHiddenSat": "#37382c",
        "colorFollowDark": "#7d2b25"
      },
      "geometry": {
        "type": "Point",
        "coordinates": [
          120.28148,
          22.65185
        ]
      }
    },
    {
      "type": "Feature",
      "properties": {
        "sys": "tra_sched",
        "lineId": "縱貫線南段",
        "lineKey": "tra_sched|縱貫線南段",
        "name": "鼓山",
        "color": "#C0392B",
        "colorDark": "#562322",
        "colorFaintLight": "#e1aea2",
        "colorFaintDark": "#371c1f",
        "colorFaintSat": "#46382c",
        "colorHiddenLight": "#e9cdc1",
        "colorHiddenDark": "#25181e",
        "colorHiddenSat": "#37382c",
        "colorFollowDark": "#7d2b25"
      },
      "geometry": {
        "type": "Point",
        "coordinates": [
          120.28071,
          22.64181
        ]
      }
    },
    {
      "type": "Feature",
      "properties": {
        "sys": "tra_sched",
        "lineId": "縱貫線南段",
        "lineKey": "tra_sched|縱貫線南段",
        "name": "三塊厝",
        "color": "#C0392B",
        "colorDark": "#562322",
        "colorFaintLight": "#e1aea2",
        "colorFaintDark": "#371c1f",
        "colorFaintSat": "#46382c",
        "colorHiddenLight": "#e9cdc1",
        "colorHiddenDark": "#25181e",
        "colorHiddenSat": "#37382c",
        "colorFollowDark": "#7d2b25"
      },
      "geometry": {
        "type": "Point",
        "coordinates": [
          120.29414,
          22.63931
        ]
      }
    },
    {
      "type": "Feature",
      "properties": {
        "sys": "tra_sched",
        "lineId": "縱貫線南段",
        "lineKey": "tra_sched|縱貫線南段",
        "name": "高雄",
        "color": "#C0392B",
        "colorDark": "#562322",
        "colorFaintLight": "#e1aea2",
        "colorFaintDark": "#371c1f",
        "colorFaintSat": "#46382c",
        "colorHiddenLight": "#e9cdc1",
        "colorHiddenDark": "#25181e",
        "colorHiddenSat": "#37382c",
        "colorFollowDark": "#7d2b25"
      },
      "geometry": {
        "type": "Point",
        "coordinates": [
          120.302559,
          22.639532
        ]
      }
    },
    {
      "type": "Feature",
      "properties": {
        "sys": "tra_sched",
        "lineId": "屏東線",
        "lineKey": "tra_sched|屏東線",
        "name": "高雄",
        "color": "#8E44AD",
        "colorDark": "#422756",
        "colorFaintLight": "#cfb2cf",
        "colorFaintDark": "#2c1f3c",
        "colorFaintSat": "#3b3b48",
        "colorHiddenLight": "#e0cfd8",
        "colorHiddenDark": "#1f1a2d",
        "colorHiddenSat": "#31393b",
        "colorFollowDark": "#5e3276"
      },
      "geometry": {
        "type": "Point",
        "coordinates": [
          120.302559,
          22.639532
        ]
      }
    },
    {
      "type": "Feature",
      "properties": {
        "sys": "tra_sched",
        "lineId": "屏東線",
        "lineKey": "tra_sched|屏東線",
        "name": "民族",
        "color": "#8E44AD",
        "colorDark": "#422756",
        "colorFaintLight": "#cfb2cf",
        "colorFaintDark": "#2c1f3c",
        "colorFaintSat": "#3b3b48",
        "colorHiddenLight": "#e0cfd8",
        "colorHiddenDark": "#1f1a2d",
        "colorHiddenSat": "#31393b",
        "colorFollowDark": "#5e3276"
      },
      "geometry": {
        "type": "Point",
        "coordinates": [
          120.315096,
          22.6387
        ]
      }
    },
    {
      "type": "Feature",
      "properties": {
        "sys": "tra_sched",
        "lineId": "屏東線",
        "lineKey": "tra_sched|屏東線",
        "name": "科工館",
        "color": "#8E44AD",
        "colorDark": "#422756",
        "colorFaintLight": "#cfb2cf",
        "colorFaintDark": "#2c1f3c",
        "colorFaintSat": "#3b3b48",
        "colorHiddenLight": "#e0cfd8",
        "colorHiddenDark": "#1f1a2d",
        "colorHiddenSat": "#31393b",
        "colorFollowDark": "#5e3276"
      },
      "geometry": {
        "type": "Point",
        "coordinates": [
          120.326278,
          22.637062
        ]
      }
    },
    {
      "type": "Feature",
      "properties": {
        "sys": "tra_sched",
        "lineId": "屏東線",
        "lineKey": "tra_sched|屏東線",
        "name": "正義",
        "color": "#8E44AD",
        "colorDark": "#422756",
        "colorFaintLight": "#cfb2cf",
        "colorFaintDark": "#2c1f3c",
        "colorFaintSat": "#3b3b48",
        "colorHiddenLight": "#e0cfd8",
        "colorHiddenDark": "#1f1a2d",
        "colorHiddenSat": "#31393b",
        "colorFollowDark": "#5e3276"
      },
      "geometry": {
        "type": "Point",
        "coordinates": [
          120.342738,
          22.634116
        ]
      }
    },
    {
      "type": "Feature",
      "properties": {
        "sys": "tra_sched",
        "lineId": "屏東線",
        "lineKey": "tra_sched|屏東線",
        "name": "鳳山",
        "color": "#8E44AD",
        "colorDark": "#422756",
        "colorFaintLight": "#cfb2cf",
        "colorFaintDark": "#2c1f3c",
        "colorFaintSat": "#3b3b48",
        "colorHiddenLight": "#e0cfd8",
        "colorHiddenDark": "#1f1a2d",
        "colorHiddenSat": "#31393b",
        "colorFollowDark": "#5e3276"
      },
      "geometry": {
        "type": "Point",
        "coordinates": [
          120.356677,
          22.631597
        ]
      }
    },
    {
      "type": "Feature",
      "properties": {
        "sys": "tra_sched",
        "lineId": "屏東線",
        "lineKey": "tra_sched|屏東線",
        "name": "後庄",
        "color": "#8E44AD",
        "colorDark": "#422756",
        "colorFaintLight": "#cfb2cf",
        "colorFaintDark": "#2c1f3c",
        "colorFaintSat": "#3b3b48",
        "colorHiddenLight": "#e0cfd8",
        "colorHiddenDark": "#1f1a2d",
        "colorHiddenSat": "#31393b",
        "colorFollowDark": "#5e3276"
      },
      "geometry": {
        "type": "Point",
        "coordinates": [
          120.391047,
          22.640464
        ]
      }
    },
    {
      "type": "Feature",
      "properties": {
        "sys": "tra_sched",
        "lineId": "屏東線",
        "lineKey": "tra_sched|屏東線",
        "name": "九曲堂",
        "color": "#8E44AD",
        "colorDark": "#422756",
        "colorFaintLight": "#cfb2cf",
        "colorFaintDark": "#2c1f3c",
        "colorFaintSat": "#3b3b48",
        "colorHiddenLight": "#e0cfd8",
        "colorHiddenDark": "#1f1a2d",
        "colorHiddenSat": "#31393b",
        "colorFollowDark": "#5e3276"
      },
      "geometry": {
        "type": "Point",
        "coordinates": [
          120.421202,
          22.655965
        ]
      }
    },
    {
      "type": "Feature",
      "properties": {
        "sys": "tra_sched",
        "lineId": "屏東線",
        "lineKey": "tra_sched|屏東線",
        "name": "六塊厝",
        "color": "#8E44AD",
        "colorDark": "#422756",
        "colorFaintLight": "#cfb2cf",
        "colorFaintDark": "#2c1f3c",
        "colorFaintSat": "#3b3b48",
        "colorHiddenLight": "#e0cfd8",
        "colorHiddenDark": "#1f1a2d",
        "colorHiddenSat": "#31393b",
        "colorFollowDark": "#5e3276"
      },
      "geometry": {
        "type": "Point",
        "coordinates": [
          120.464819,
          22.665782
        ]
      }
    },
    {
      "type": "Feature",
      "properties": {
        "sys": "tra_sched",
        "lineId": "屏東線",
        "lineKey": "tra_sched|屏東線",
        "name": "屏東",
        "color": "#8E44AD",
        "colorDark": "#422756",
        "colorFaintLight": "#cfb2cf",
        "colorFaintDark": "#2c1f3c",
        "colorFaintSat": "#3b3b48",
        "colorHiddenLight": "#e0cfd8",
        "colorHiddenDark": "#1f1a2d",
        "colorHiddenSat": "#31393b",
        "colorFollowDark": "#5e3276"
      },
      "geometry": {
        "type": "Point",
        "coordinates": [
          120.486126,
          22.668853
        ]
      }
    },
    {
      "type": "Feature",
      "properties": {
        "sys": "tra_sched",
        "lineId": "屏東線",
        "lineKey": "tra_sched|屏東線",
        "name": "歸來",
        "color": "#8E44AD",
        "colorDark": "#422756",
        "colorFaintLight": "#cfb2cf",
        "colorFaintDark": "#2c1f3c",
        "colorFaintSat": "#3b3b48",
        "colorHiddenLight": "#e0cfd8",
        "colorHiddenDark": "#1f1a2d",
        "colorHiddenSat": "#31393b",
        "colorFollowDark": "#5e3276"
      },
      "geometry": {
        "type": "Point",
        "coordinates": [
          120.502794,
          22.652275
        ]
      }
    },
    {
      "type": "Feature",
      "properties": {
        "sys": "tra_sched",
        "lineId": "屏東線",
        "lineKey": "tra_sched|屏東線",
        "name": "麟洛",
        "color": "#8E44AD",
        "colorDark": "#422756",
        "colorFaintLight": "#cfb2cf",
        "colorFaintDark": "#2c1f3c",
        "colorFaintSat": "#3b3b48",
        "colorHiddenLight": "#e0cfd8",
        "colorHiddenDark": "#1f1a2d",
        "colorHiddenSat": "#31393b",
        "colorFollowDark": "#5e3276"
      },
      "geometry": {
        "type": "Point",
        "coordinates": [
          120.514297,
          22.634688
        ]
      }
    },
    {
      "type": "Feature",
      "properties": {
        "sys": "tra_sched",
        "lineId": "屏東線",
        "lineKey": "tra_sched|屏東線",
        "name": "西勢",
        "color": "#8E44AD",
        "colorDark": "#422756",
        "colorFaintLight": "#cfb2cf",
        "colorFaintDark": "#2c1f3c",
        "colorFaintSat": "#3b3b48",
        "colorHiddenLight": "#e0cfd8",
        "colorHiddenDark": "#1f1a2d",
        "colorHiddenSat": "#31393b",
        "colorFollowDark": "#5e3276"
      },
      "geometry": {
        "type": "Point",
        "coordinates": [
          120.526511,
          22.616244
        ]
      }
    },
    {
      "type": "Feature",
      "properties": {
        "sys": "tra_sched",
        "lineId": "屏東線",
        "lineKey": "tra_sched|屏東線",
        "name": "竹田",
        "color": "#8E44AD",
        "colorDark": "#422756",
        "colorFaintLight": "#cfb2cf",
        "colorFaintDark": "#2c1f3c",
        "colorFaintSat": "#3b3b48",
        "colorHiddenLight": "#e0cfd8",
        "colorHiddenDark": "#1f1a2d",
        "colorHiddenSat": "#31393b",
        "colorFollowDark": "#5e3276"
      },
      "geometry": {
        "type": "Point",
        "coordinates": [
          120.539751,
          22.586577
        ]
      }
    },
    {
      "type": "Feature",
      "properties": {
        "sys": "tra_sched",
        "lineId": "屏東線",
        "lineKey": "tra_sched|屏東線",
        "name": "潮州",
        "color": "#8E44AD",
        "colorDark": "#422756",
        "colorFaintLight": "#cfb2cf",
        "colorFaintDark": "#2c1f3c",
        "colorFaintSat": "#3b3b48",
        "colorHiddenLight": "#e0cfd8",
        "colorHiddenDark": "#1f1a2d",
        "colorHiddenSat": "#31393b",
        "colorFollowDark": "#5e3276"
      },
      "geometry": {
        "type": "Point",
        "coordinates": [
          120.536062,
          22.549979
        ]
      }
    },
    {
      "type": "Feature",
      "properties": {
        "sys": "tra_sched",
        "lineId": "屏東線",
        "lineKey": "tra_sched|屏東線",
        "name": "崁頂",
        "color": "#8E44AD",
        "colorDark": "#422756",
        "colorFaintLight": "#cfb2cf",
        "colorFaintDark": "#2c1f3c",
        "colorFaintSat": "#3b3b48",
        "colorHiddenLight": "#e0cfd8",
        "colorHiddenDark": "#1f1a2d",
        "colorHiddenSat": "#31393b",
        "colorFollowDark": "#5e3276"
      },
      "geometry": {
        "type": "Point",
        "coordinates": [
          120.514844,
          22.513158
        ]
      }
    },
    {
      "type": "Feature",
      "properties": {
        "sys": "tra_sched",
        "lineId": "屏東線",
        "lineKey": "tra_sched|屏東線",
        "name": "南州",
        "color": "#8E44AD",
        "colorDark": "#422756",
        "colorFaintLight": "#cfb2cf",
        "colorFaintDark": "#2c1f3c",
        "colorFaintSat": "#3b3b48",
        "colorHiddenLight": "#e0cfd8",
        "colorHiddenDark": "#1f1a2d",
        "colorHiddenSat": "#31393b",
        "colorFollowDark": "#5e3276"
      },
      "geometry": {
        "type": "Point",
        "coordinates": [
          120.512004,
          22.491869
        ]
      }
    },
    {
      "type": "Feature",
      "properties": {
        "sys": "tra_sched",
        "lineId": "屏東線",
        "lineKey": "tra_sched|屏東線",
        "name": "鎮安",
        "color": "#8E44AD",
        "colorDark": "#422756",
        "colorFaintLight": "#cfb2cf",
        "colorFaintDark": "#2c1f3c",
        "colorFaintSat": "#3b3b48",
        "colorHiddenLight": "#e0cfd8",
        "colorHiddenDark": "#1f1a2d",
        "colorHiddenSat": "#31393b",
        "colorFollowDark": "#5e3276"
      },
      "geometry": {
        "type": "Point",
        "coordinates": [
          120.511152,
          22.457991
        ]
      }
    },
    {
      "type": "Feature",
      "properties": {
        "sys": "tra_sched",
        "lineId": "屏東線",
        "lineKey": "tra_sched|屏東線",
        "name": "林邊",
        "color": "#8E44AD",
        "colorDark": "#422756",
        "colorFaintLight": "#cfb2cf",
        "colorFaintDark": "#2c1f3c",
        "colorFaintSat": "#3b3b48",
        "colorHiddenLight": "#e0cfd8",
        "colorHiddenDark": "#1f1a2d",
        "colorHiddenSat": "#31393b",
        "colorFollowDark": "#5e3276"
      },
      "geometry": {
        "type": "Point",
        "coordinates": [
          120.515028,
          22.431493
        ]
      }
    },
    {
      "type": "Feature",
      "properties": {
        "sys": "tra_sched",
        "lineId": "屏東線",
        "lineKey": "tra_sched|屏東線",
        "name": "佳冬",
        "color": "#8E44AD",
        "colorDark": "#422756",
        "colorFaintLight": "#cfb2cf",
        "colorFaintDark": "#2c1f3c",
        "colorFaintSat": "#3b3b48",
        "colorHiddenLight": "#e0cfd8",
        "colorHiddenDark": "#1f1a2d",
        "colorHiddenSat": "#31393b",
        "colorFollowDark": "#5e3276"
      },
      "geometry": {
        "type": "Point",
        "coordinates": [
          120.547579,
          22.413826
        ]
      }
    },
    {
      "type": "Feature",
      "properties": {
        "sys": "tra_sched",
        "lineId": "屏東線",
        "lineKey": "tra_sched|屏東線",
        "name": "東海",
        "color": "#8E44AD",
        "colorDark": "#422756",
        "colorFaintLight": "#cfb2cf",
        "colorFaintDark": "#2c1f3c",
        "colorFaintSat": "#3b3b48",
        "colorHiddenLight": "#e0cfd8",
        "colorHiddenDark": "#1f1a2d",
        "colorHiddenSat": "#31393b",
        "colorFollowDark": "#5e3276"
      },
      "geometry": {
        "type": "Point",
        "coordinates": [
          120.572316,
          22.398942
        ]
      }
    },
    {
      "type": "Feature",
      "properties": {
        "sys": "tra_sched",
        "lineId": "屏東線",
        "lineKey": "tra_sched|屏東線",
        "name": "枋寮",
        "color": "#8E44AD",
        "colorDark": "#422756",
        "colorFaintLight": "#cfb2cf",
        "colorFaintDark": "#2c1f3c",
        "colorFaintSat": "#3b3b48",
        "colorHiddenLight": "#e0cfd8",
        "colorHiddenDark": "#1f1a2d",
        "colorHiddenSat": "#31393b",
        "colorFollowDark": "#5e3276"
      },
      "geometry": {
        "type": "Point",
        "coordinates": [
          120.595289,
          22.368249
        ]
      }
    },
    {
      "type": "Feature",
      "properties": {
        "sys": "tra_sched",
        "lineId": "南迴線",
        "lineKey": "tra_sched|南迴線",
        "name": "枋寮",
        "color": "#16A085",
        "colorDark": "#124c46",
        "colorFaintLight": "#a5d2c1",
        "colorFaintDark": "#113333",
        "colorFaintSat": "#214f40",
        "colorHiddenLight": "#cadfd1",
        "colorHiddenDark": "#112529",
        "colorHiddenSat": "#224437",
        "colorFollowDark": "#146b5d"
      },
      "geometry": {
        "type": "Point",
        "coordinates": [
          120.595289,
          22.368249
        ]
      }
    },
    {
      "type": "Feature",
      "properties": {
        "sys": "tra_sched",
        "lineId": "南迴線",
        "lineKey": "tra_sched|南迴線",
        "name": "加祿",
        "color": "#16A085",
        "colorDark": "#124c46",
        "colorFaintLight": "#a5d2c1",
        "colorFaintDark": "#113333",
        "colorFaintSat": "#214f40",
        "colorHiddenLight": "#cadfd1",
        "colorHiddenDark": "#112529",
        "colorHiddenSat": "#224437",
        "colorFollowDark": "#146b5d"
      },
      "geometry": {
        "type": "Point",
        "coordinates": [
          120.624979,
          22.330937
        ]
      }
    },
    {
      "type": "Feature",
      "properties": {
        "sys": "tra_sched",
        "lineId": "南迴線",
        "lineKey": "tra_sched|南迴線",
        "name": "內獅",
        "color": "#16A085",
        "colorDark": "#124c46",
        "colorFaintLight": "#a5d2c1",
        "colorFaintDark": "#113333",
        "colorFaintSat": "#214f40",
        "colorHiddenLight": "#cadfd1",
        "colorHiddenDark": "#112529",
        "colorHiddenSat": "#224437",
        "colorFollowDark": "#146b5d"
      },
      "geometry": {
        "type": "Point",
        "coordinates": [
          120.643614,
          22.306243
        ]
      }
    },
    {
      "type": "Feature",
      "properties": {
        "sys": "tra_sched",
        "lineId": "南迴線",
        "lineKey": "tra_sched|南迴線",
        "name": "枋山",
        "color": "#16A085",
        "colorDark": "#124c46",
        "colorFaintLight": "#a5d2c1",
        "colorFaintDark": "#113333",
        "colorFaintSat": "#214f40",
        "colorHiddenLight": "#cadfd1",
        "colorHiddenDark": "#112529",
        "colorHiddenSat": "#224437",
        "colorFollowDark": "#146b5d"
      },
      "geometry": {
        "type": "Point",
        "coordinates": [
          120.659562,
          22.267225
        ]
      }
    },
    {
      "type": "Feature",
      "properties": {
        "sys": "tra_sched",
        "lineId": "南迴線",
        "lineKey": "tra_sched|南迴線",
        "name": "枋野",
        "color": "#16A085",
        "colorDark": "#124c46",
        "colorFaintLight": "#a5d2c1",
        "colorFaintDark": "#113333",
        "colorFaintSat": "#214f40",
        "colorHiddenLight": "#cadfd1",
        "colorHiddenDark": "#112529",
        "colorHiddenSat": "#224437",
        "colorFollowDark": "#146b5d"
      },
      "geometry": {
        "type": "Point",
        "coordinates": [
          120.716994,
          22.280872
        ]
      }
    },
    {
      "type": "Feature",
      "properties": {
        "sys": "tra_sched",
        "lineId": "南迴線",
        "lineKey": "tra_sched|南迴線",
        "name": "大武",
        "color": "#16A085",
        "colorDark": "#124c46",
        "colorFaintLight": "#a5d2c1",
        "colorFaintDark": "#113333",
        "colorFaintSat": "#214f40",
        "colorHiddenLight": "#cadfd1",
        "colorHiddenDark": "#112529",
        "colorHiddenSat": "#224437",
        "colorFollowDark": "#146b5d"
      },
      "geometry": {
        "type": "Point",
        "coordinates": [
          120.900649,
          22.365485
        ]
      }
    },
    {
      "type": "Feature",
      "properties": {
        "sys": "tra_sched",
        "lineId": "南迴線",
        "lineKey": "tra_sched|南迴線",
        "name": "瀧溪",
        "color": "#16A085",
        "colorDark": "#124c46",
        "colorFaintLight": "#a5d2c1",
        "colorFaintDark": "#113333",
        "colorFaintSat": "#214f40",
        "colorHiddenLight": "#cadfd1",
        "colorHiddenDark": "#112529",
        "colorHiddenSat": "#224437",
        "colorFollowDark": "#146b5d"
      },
      "geometry": {
        "type": "Point",
        "coordinates": [
          120.942019,
          22.460911
        ]
      }
    },
    {
      "type": "Feature",
      "properties": {
        "sys": "tra_sched",
        "lineId": "南迴線",
        "lineKey": "tra_sched|南迴線",
        "name": "金崙",
        "color": "#16A085",
        "colorDark": "#124c46",
        "colorFaintLight": "#a5d2c1",
        "colorFaintDark": "#113333",
        "colorFaintSat": "#214f40",
        "colorHiddenLight": "#cadfd1",
        "colorHiddenDark": "#112529",
        "colorHiddenSat": "#224437",
        "colorFollowDark": "#146b5d"
      },
      "geometry": {
        "type": "Point",
        "coordinates": [
          120.967496,
          22.531329
        ]
      }
    },
    {
      "type": "Feature",
      "properties": {
        "sys": "tra_sched",
        "lineId": "南迴線",
        "lineKey": "tra_sched|南迴線",
        "name": "太麻里",
        "color": "#16A085",
        "colorDark": "#124c46",
        "colorFaintLight": "#a5d2c1",
        "colorFaintDark": "#113333",
        "colorFaintSat": "#214f40",
        "colorHiddenLight": "#cadfd1",
        "colorHiddenDark": "#112529",
        "colorHiddenSat": "#224437",
        "colorFollowDark": "#146b5d"
      },
      "geometry": {
        "type": "Point",
        "coordinates": [
          121.004692,
          22.618963
        ]
      }
    },
    {
      "type": "Feature",
      "properties": {
        "sys": "tra_sched",
        "lineId": "南迴線",
        "lineKey": "tra_sched|南迴線",
        "name": "知本",
        "color": "#16A085",
        "colorDark": "#124c46",
        "colorFaintLight": "#a5d2c1",
        "colorFaintDark": "#113333",
        "colorFaintSat": "#214f40",
        "colorHiddenLight": "#cadfd1",
        "colorHiddenDark": "#112529",
        "colorHiddenSat": "#224437",
        "colorFollowDark": "#146b5d"
      },
      "geometry": {
        "type": "Point",
        "coordinates": [
          121.060657,
          22.71017
        ]
      }
    },
    {
      "type": "Feature",
      "properties": {
        "sys": "tra_sched",
        "lineId": "南迴線",
        "lineKey": "tra_sched|南迴線",
        "name": "康樂",
        "color": "#16A085",
        "colorDark": "#124c46",
        "colorFaintLight": "#a5d2c1",
        "colorFaintDark": "#113333",
        "colorFaintSat": "#214f40",
        "colorHiddenLight": "#cadfd1",
        "colorHiddenDark": "#112529",
        "colorHiddenSat": "#224437",
        "colorFollowDark": "#146b5d"
      },
      "geometry": {
        "type": "Point",
        "coordinates": [
          121.093311,
          22.764473
        ]
      }
    },
    {
      "type": "Feature",
      "properties": {
        "sys": "tra_sched",
        "lineId": "南迴線",
        "lineKey": "tra_sched|南迴線",
        "name": "臺東",
        "color": "#16A085",
        "colorDark": "#124c46",
        "colorFaintLight": "#a5d2c1",
        "colorFaintDark": "#113333",
        "colorFaintSat": "#214f40",
        "colorHiddenLight": "#cadfd1",
        "colorHiddenDark": "#112529",
        "colorHiddenSat": "#224437",
        "colorFollowDark": "#146b5d"
      },
      "geometry": {
        "type": "Point",
        "coordinates": [
          121.122432,
          22.79346
        ]
      }
    },
    {
      "type": "Feature",
      "properties": {
        "sys": "tra_sched",
        "lineId": "臺東線",
        "lineKey": "tra_sched|臺東線",
        "name": "臺東",
        "color": "#D4A017",
        "colorDark": "#5e4c1a",
        "colorFaintLight": "#e8d29b",
        "colorFaintDark": "#3b331b",
        "colorFaintSat": "#4b4f27",
        "colorHiddenLight": "#eddfbd",
        "colorHiddenDark": "#28251b",
        "colorHiddenSat": "#394429",
        "colorFollowDark": "#8a6b19"
      },
      "geometry": {
        "type": "Point",
        "coordinates": [
          121.122432,
          22.79346
        ]
      }
    },
    {
      "type": "Feature",
      "properties": {
        "sys": "tra_sched",
        "lineId": "臺東線",
        "lineKey": "tra_sched|臺東線",
        "name": "山里",
        "color": "#D4A017",
        "colorDark": "#5e4c1a",
        "colorFaintLight": "#e8d29b",
        "colorFaintDark": "#3b331b",
        "colorFaintSat": "#4b4f27",
        "colorHiddenLight": "#eddfbd",
        "colorHiddenDark": "#28251b",
        "colorHiddenSat": "#394429",
        "colorFollowDark": "#8a6b19"
      },
      "geometry": {
        "type": "Point",
        "coordinates": [
          121.137991,
          22.861815
        ]
      }
    },
    {
      "type": "Feature",
      "properties": {
        "sys": "tra_sched",
        "lineId": "臺東線",
        "lineKey": "tra_sched|臺東線",
        "name": "鹿野",
        "color": "#D4A017",
        "colorDark": "#5e4c1a",
        "colorFaintLight": "#e8d29b",
        "colorFaintDark": "#3b331b",
        "colorFaintSat": "#4b4f27",
        "colorHiddenLight": "#eddfbd",
        "colorHiddenDark": "#28251b",
        "colorHiddenSat": "#394429",
        "colorFollowDark": "#8a6b19"
      },
      "geometry": {
        "type": "Point",
        "coordinates": [
          121.137141,
          22.912393
        ]
      }
    },
    {
      "type": "Feature",
      "properties": {
        "sys": "tra_sched",
        "lineId": "臺東線",
        "lineKey": "tra_sched|臺東線",
        "name": "瑞源",
        "color": "#D4A017",
        "colorDark": "#5e4c1a",
        "colorFaintLight": "#e8d29b",
        "colorFaintDark": "#3b331b",
        "colorFaintSat": "#4b4f27",
        "colorHiddenLight": "#eddfbd",
        "colorHiddenDark": "#28251b",
        "colorHiddenSat": "#394429",
        "colorFollowDark": "#8a6b19"
      },
      "geometry": {
        "type": "Point",
        "coordinates": [
          121.159212,
          22.956028
        ]
      }
    },
    {
      "type": "Feature",
      "properties": {
        "sys": "tra_sched",
        "lineId": "臺東線",
        "lineKey": "tra_sched|臺東線",
        "name": "瑞和",
        "color": "#D4A017",
        "colorDark": "#5e4c1a",
        "colorFaintLight": "#e8d29b",
        "colorFaintDark": "#3b331b",
        "colorFaintSat": "#4b4f27",
        "colorHiddenLight": "#eddfbd",
        "colorHiddenDark": "#28251b",
        "colorHiddenSat": "#394429",
        "colorFollowDark": "#8a6b19"
      },
      "geometry": {
        "type": "Point",
        "coordinates": [
          121.156092,
          22.979974
        ]
      }
    },
    {
      "type": "Feature",
      "properties": {
        "sys": "tra_sched",
        "lineId": "臺東線",
        "lineKey": "tra_sched|臺東線",
        "name": "關山",
        "color": "#D4A017",
        "colorDark": "#5e4c1a",
        "colorFaintLight": "#e8d29b",
        "colorFaintDark": "#3b331b",
        "colorFaintSat": "#4b4f27",
        "colorHiddenLight": "#eddfbd",
        "colorHiddenDark": "#28251b",
        "colorHiddenSat": "#394429",
        "colorFollowDark": "#8a6b19"
      },
      "geometry": {
        "type": "Point",
        "coordinates": [
          121.164491,
          23.045621
        ]
      }
    },
    {
      "type": "Feature",
      "properties": {
        "sys": "tra_sched",
        "lineId": "臺東線",
        "lineKey": "tra_sched|臺東線",
        "name": "海端",
        "color": "#D4A017",
        "colorDark": "#5e4c1a",
        "colorFaintLight": "#e8d29b",
        "colorFaintDark": "#3b331b",
        "colorFaintSat": "#4b4f27",
        "colorHiddenLight": "#eddfbd",
        "colorHiddenDark": "#28251b",
        "colorHiddenSat": "#394429",
        "colorFollowDark": "#8a6b19"
      },
      "geometry": {
        "type": "Point",
        "coordinates": [
          121.177301,
          23.102121
        ]
      }
    },
    {
      "type": "Feature",
      "properties": {
        "sys": "tra_sched",
        "lineId": "臺東線",
        "lineKey": "tra_sched|臺東線",
        "name": "池上",
        "color": "#D4A017",
        "colorDark": "#5e4c1a",
        "colorFaintLight": "#e8d29b",
        "colorFaintDark": "#3b331b",
        "colorFaintSat": "#4b4f27",
        "colorHiddenLight": "#eddfbd",
        "colorHiddenDark": "#28251b",
        "colorHiddenSat": "#394429",
        "colorFollowDark": "#8a6b19"
      },
      "geometry": {
        "type": "Point",
        "coordinates": [
          121.219432,
          23.12632
        ]
      }
    },
    {
      "type": "Feature",
      "properties": {
        "sys": "tra_sched",
        "lineId": "臺東線",
        "lineKey": "tra_sched|臺東線",
        "name": "富里",
        "color": "#D4A017",
        "colorDark": "#5e4c1a",
        "colorFaintLight": "#e8d29b",
        "colorFaintDark": "#3b331b",
        "colorFaintSat": "#4b4f27",
        "colorHiddenLight": "#eddfbd",
        "colorHiddenDark": "#28251b",
        "colorHiddenSat": "#394429",
        "colorFollowDark": "#8a6b19"
      },
      "geometry": {
        "type": "Point",
        "coordinates": [
          121.248447,
          23.179152
        ]
      }
    },
    {
      "type": "Feature",
      "properties": {
        "sys": "tra_sched",
        "lineId": "臺東線",
        "lineKey": "tra_sched|臺東線",
        "name": "東竹",
        "color": "#D4A017",
        "colorDark": "#5e4c1a",
        "colorFaintLight": "#e8d29b",
        "colorFaintDark": "#3b331b",
        "colorFaintSat": "#4b4f27",
        "colorHiddenLight": "#eddfbd",
        "colorHiddenDark": "#28251b",
        "colorHiddenSat": "#394429",
        "colorFollowDark": "#8a6b19"
      },
      "geometry": {
        "type": "Point",
        "coordinates": [
          121.278258,
          23.225984
        ]
      }
    },
    {
      "type": "Feature",
      "properties": {
        "sys": "tra_sched",
        "lineId": "臺東線",
        "lineKey": "tra_sched|臺東線",
        "name": "東里",
        "color": "#D4A017",
        "colorDark": "#5e4c1a",
        "colorFaintLight": "#e8d29b",
        "colorFaintDark": "#3b331b",
        "colorFaintSat": "#4b4f27",
        "colorHiddenLight": "#eddfbd",
        "colorHiddenDark": "#28251b",
        "colorHiddenSat": "#394429",
        "colorFollowDark": "#8a6b19"
      },
      "geometry": {
        "type": "Point",
        "coordinates": [
          121.303996,
          23.272428
        ]
      }
    },
    {
      "type": "Feature",
      "properties": {
        "sys": "tra_sched",
        "lineId": "臺東線",
        "lineKey": "tra_sched|臺東線",
        "name": "玉里",
        "color": "#D4A017",
        "colorDark": "#5e4c1a",
        "colorFaintLight": "#e8d29b",
        "colorFaintDark": "#3b331b",
        "colorFaintSat": "#4b4f27",
        "colorHiddenLight": "#eddfbd",
        "colorHiddenDark": "#28251b",
        "colorHiddenSat": "#394429",
        "colorFollowDark": "#8a6b19"
      },
      "geometry": {
        "type": "Point",
        "coordinates": [
          121.311556,
          23.331558
        ]
      }
    },
    {
      "type": "Feature",
      "properties": {
        "sys": "tra_sched",
        "lineId": "臺東線",
        "lineKey": "tra_sched|臺東線",
        "name": "三民",
        "color": "#D4A017",
        "colorDark": "#5e4c1a",
        "colorFaintLight": "#e8d29b",
        "colorFaintDark": "#3b331b",
        "colorFaintSat": "#4b4f27",
        "colorHiddenLight": "#eddfbd",
        "colorHiddenDark": "#28251b",
        "colorHiddenSat": "#394429",
        "colorFollowDark": "#8a6b19"
      },
      "geometry": {
        "type": "Point",
        "coordinates": [
          121.345241,
          23.424664
        ]
      }
    },
    {
      "type": "Feature",
      "properties": {
        "sys": "tra_sched",
        "lineId": "臺東線",
        "lineKey": "tra_sched|臺東線",
        "name": "瑞穗",
        "color": "#D4A017",
        "colorDark": "#5e4c1a",
        "colorFaintLight": "#e8d29b",
        "colorFaintDark": "#3b331b",
        "colorFaintSat": "#4b4f27",
        "colorHiddenLight": "#eddfbd",
        "colorHiddenDark": "#28251b",
        "colorHiddenSat": "#394429",
        "colorFollowDark": "#8a6b19"
      },
      "geometry": {
        "type": "Point",
        "coordinates": [
          121.376567,
          23.497742
        ]
      }
    },
    {
      "type": "Feature",
      "properties": {
        "sys": "tra_sched",
        "lineId": "臺東線",
        "lineKey": "tra_sched|臺東線",
        "name": "富源",
        "color": "#D4A017",
        "colorDark": "#5e4c1a",
        "colorFaintLight": "#e8d29b",
        "colorFaintDark": "#3b331b",
        "colorFaintSat": "#4b4f27",
        "colorHiddenLight": "#eddfbd",
        "colorHiddenDark": "#28251b",
        "colorHiddenSat": "#394429",
        "colorFollowDark": "#8a6b19"
      },
      "geometry": {
        "type": "Point",
        "coordinates": [
          121.380266,
          23.580319
        ]
      }
    },
    {
      "type": "Feature",
      "properties": {
        "sys": "tra_sched",
        "lineId": "臺東線",
        "lineKey": "tra_sched|臺東線",
        "name": "大富",
        "color": "#D4A017",
        "colorDark": "#5e4c1a",
        "colorFaintLight": "#e8d29b",
        "colorFaintDark": "#3b331b",
        "colorFaintSat": "#4b4f27",
        "colorHiddenLight": "#eddfbd",
        "colorHiddenDark": "#28251b",
        "colorHiddenSat": "#394429",
        "colorFollowDark": "#8a6b19"
      },
      "geometry": {
        "type": "Point",
        "coordinates": [
          121.389416,
          23.606034
        ]
      }
    },
    {
      "type": "Feature",
      "properties": {
        "sys": "tra_sched",
        "lineId": "臺東線",
        "lineKey": "tra_sched|臺東線",
        "name": "光復",
        "color": "#D4A017",
        "colorDark": "#5e4c1a",
        "colorFaintLight": "#e8d29b",
        "colorFaintDark": "#3b331b",
        "colorFaintSat": "#4b4f27",
        "colorHiddenLight": "#eddfbd",
        "colorHiddenDark": "#28251b",
        "colorHiddenSat": "#394429",
        "colorFollowDark": "#8a6b19"
      },
      "geometry": {
        "type": "Point",
        "coordinates": [
          121.421164,
          23.666355
        ]
      }
    },
    {
      "type": "Feature",
      "properties": {
        "sys": "tra_sched",
        "lineId": "臺東線",
        "lineKey": "tra_sched|臺東線",
        "name": "萬榮",
        "color": "#D4A017",
        "colorDark": "#5e4c1a",
        "colorFaintLight": "#e8d29b",
        "colorFaintDark": "#3b331b",
        "colorFaintSat": "#4b4f27",
        "colorHiddenLight": "#eddfbd",
        "colorHiddenDark": "#28251b",
        "colorHiddenSat": "#394429",
        "colorFollowDark": "#8a6b19"
      },
      "geometry": {
        "type": "Point",
        "coordinates": [
          121.418837,
          23.712
        ]
      }
    },
    {
      "type": "Feature",
      "properties": {
        "sys": "tra_sched",
        "lineId": "臺東線",
        "lineKey": "tra_sched|臺東線",
        "name": "鳳林",
        "color": "#D4A017",
        "colorDark": "#5e4c1a",
        "colorFaintLight": "#e8d29b",
        "colorFaintDark": "#3b331b",
        "colorFaintSat": "#4b4f27",
        "colorHiddenLight": "#eddfbd",
        "colorHiddenDark": "#28251b",
        "colorHiddenSat": "#394429",
        "colorFollowDark": "#8a6b19"
      },
      "geometry": {
        "type": "Point",
        "coordinates": [
          121.446713,
          23.746295
        ]
      }
    },
    {
      "type": "Feature",
      "properties": {
        "sys": "tra_sched",
        "lineId": "臺東線",
        "lineKey": "tra_sched|臺東線",
        "name": "南平",
        "color": "#D4A017",
        "colorDark": "#5e4c1a",
        "colorFaintLight": "#e8d29b",
        "colorFaintDark": "#3b331b",
        "colorFaintSat": "#4b4f27",
        "colorHiddenLight": "#eddfbd",
        "colorHiddenDark": "#28251b",
        "colorHiddenSat": "#394429",
        "colorFollowDark": "#8a6b19"
      },
      "geometry": {
        "type": "Point",
        "coordinates": [
          121.458093,
          23.782428
        ]
      }
    },
    {
      "type": "Feature",
      "properties": {
        "sys": "tra_sched",
        "lineId": "臺東線",
        "lineKey": "tra_sched|臺東線",
        "name": "林榮新光",
        "color": "#D4A017",
        "colorDark": "#5e4c1a",
        "colorFaintLight": "#e8d29b",
        "colorFaintDark": "#3b331b",
        "colorFaintSat": "#4b4f27",
        "colorHiddenLight": "#eddfbd",
        "colorHiddenDark": "#28251b",
        "colorHiddenSat": "#394429",
        "colorFollowDark": "#8a6b19"
      },
      "geometry": {
        "type": "Point",
        "coordinates": [
          121.462022,
          23.802589
        ]
      }
    },
    {
      "type": "Feature",
      "properties": {
        "sys": "tra_sched",
        "lineId": "臺東線",
        "lineKey": "tra_sched|臺東線",
        "name": "豐田",
        "color": "#D4A017",
        "colorDark": "#5e4c1a",
        "colorFaintLight": "#e8d29b",
        "colorFaintDark": "#3b331b",
        "colorFaintSat": "#4b4f27",
        "colorHiddenLight": "#eddfbd",
        "colorHiddenDark": "#28251b",
        "colorHiddenSat": "#394429",
        "colorFollowDark": "#8a6b19"
      },
      "geometry": {
        "type": "Point",
        "coordinates": [
          121.495981,
          23.848533
        ]
      }
    },
    {
      "type": "Feature",
      "properties": {
        "sys": "tra_sched",
        "lineId": "臺東線",
        "lineKey": "tra_sched|臺東線",
        "name": "壽豐",
        "color": "#D4A017",
        "colorDark": "#5e4c1a",
        "colorFaintLight": "#e8d29b",
        "colorFaintDark": "#3b331b",
        "colorFaintSat": "#4b4f27",
        "colorHiddenLight": "#eddfbd",
        "colorHiddenDark": "#28251b",
        "colorHiddenSat": "#394429",
        "colorFollowDark": "#8a6b19"
      },
      "geometry": {
        "type": "Point",
        "coordinates": [
          121.510811,
          23.868919
        ]
      }
    },
    {
      "type": "Feature",
      "properties": {
        "sys": "tra_sched",
        "lineId": "臺東線",
        "lineKey": "tra_sched|臺東線",
        "name": "平和",
        "color": "#D4A017",
        "colorDark": "#5e4c1a",
        "colorFaintLight": "#e8d29b",
        "colorFaintDark": "#3b331b",
        "colorFaintSat": "#4b4f27",
        "colorHiddenLight": "#eddfbd",
        "colorHiddenDark": "#28251b",
        "colorHiddenSat": "#394429",
        "colorFollowDark": "#8a6b19"
      },
      "geometry": {
        "type": "Point",
        "coordinates": [
          121.520729,
          23.882673
        ]
      }
    },
    {
      "type": "Feature",
      "properties": {
        "sys": "tra_sched",
        "lineId": "臺東線",
        "lineKey": "tra_sched|臺東線",
        "name": "志學",
        "color": "#D4A017",
        "colorDark": "#5e4c1a",
        "colorFaintLight": "#e8d29b",
        "colorFaintDark": "#3b331b",
        "colorFaintSat": "#4b4f27",
        "colorHiddenLight": "#eddfbd",
        "colorHiddenDark": "#28251b",
        "colorHiddenSat": "#394429",
        "colorFollowDark": "#8a6b19"
      },
      "geometry": {
        "type": "Point",
        "coordinates": [
          121.529281,
          23.907817
        ]
      }
    },
    {
      "type": "Feature",
      "properties": {
        "sys": "tra_sched",
        "lineId": "臺東線",
        "lineKey": "tra_sched|臺東線",
        "name": "吉安",
        "color": "#D4A017",
        "colorDark": "#5e4c1a",
        "colorFaintLight": "#e8d29b",
        "colorFaintDark": "#3b331b",
        "colorFaintSat": "#4b4f27",
        "colorHiddenLight": "#eddfbd",
        "colorHiddenDark": "#28251b",
        "colorHiddenSat": "#394429",
        "colorFollowDark": "#8a6b19"
      },
      "geometry": {
        "type": "Point",
        "coordinates": [
          121.582794,
          23.967825
        ]
      }
    },
    {
      "type": "Feature",
      "properties": {
        "sys": "tra_sched",
        "lineId": "臺東線",
        "lineKey": "tra_sched|臺東線",
        "name": "花蓮",
        "color": "#D4A017",
        "colorDark": "#5e4c1a",
        "colorFaintLight": "#e8d29b",
        "colorFaintDark": "#3b331b",
        "colorFaintSat": "#4b4f27",
        "colorHiddenLight": "#eddfbd",
        "colorHiddenDark": "#28251b",
        "colorHiddenSat": "#394429",
        "colorFollowDark": "#8a6b19"
      },
      "geometry": {
        "type": "Point",
        "coordinates": [
          121.600952,
          23.99264
        ]
      }
    },
    {
      "type": "Feature",
      "properties": {
        "sys": "tra_sched",
        "lineId": "北迴線",
        "lineKey": "tra_sched|北迴線",
        "name": "花蓮",
        "color": "#5D6D7E",
        "colorDark": "#2f3843",
        "colorFaintLight": "#bec0bf",
        "colorFaintDark": "#212832",
        "colorFaintSat": "#31443e",
        "colorHiddenLight": "#d7d6d0",
        "colorHiddenDark": "#191f28",
        "colorHiddenSat": "#2b3e36",
        "colorFollowDark": "#404b59"
      },
      "geometry": {
        "type": "Point",
        "coordinates": [
          121.600952,
          23.99264
        ]
      }
    },
    {
      "type": "Feature",
      "properties": {
        "sys": "tra_sched",
        "lineId": "北迴線",
        "lineKey": "tra_sched|北迴線",
        "name": "北埔",
        "color": "#5D6D7E",
        "colorDark": "#2f3843",
        "colorFaintLight": "#bec0bf",
        "colorFaintDark": "#212832",
        "colorFaintSat": "#31443e",
        "colorHiddenLight": "#d7d6d0",
        "colorHiddenDark": "#191f28",
        "colorHiddenSat": "#2b3e36",
        "colorFollowDark": "#404b59"
      },
      "geometry": {
        "type": "Point",
        "coordinates": [
          121.601317,
          24.032615
        ]
      }
    },
    {
      "type": "Feature",
      "properties": {
        "sys": "tra_sched",
        "lineId": "北迴線",
        "lineKey": "tra_sched|北迴線",
        "name": "景美",
        "color": "#5D6D7E",
        "colorDark": "#2f3843",
        "colorFaintLight": "#bec0bf",
        "colorFaintDark": "#212832",
        "colorFaintSat": "#31443e",
        "colorHiddenLight": "#d7d6d0",
        "colorHiddenDark": "#191f28",
        "colorHiddenSat": "#2b3e36",
        "colorFollowDark": "#404b59"
      },
      "geometry": {
        "type": "Point",
        "coordinates": [
          121.610607,
          24.090395
        ]
      }
    },
    {
      "type": "Feature",
      "properties": {
        "sys": "tra_sched",
        "lineId": "北迴線",
        "lineKey": "tra_sched|北迴線",
        "name": "新城 (太魯閣)",
        "color": "#5D6D7E",
        "colorDark": "#2f3843",
        "colorFaintLight": "#bec0bf",
        "colorFaintDark": "#212832",
        "colorFaintSat": "#31443e",
        "colorHiddenLight": "#d7d6d0",
        "colorHiddenDark": "#191f28",
        "colorHiddenSat": "#2b3e36",
        "colorFollowDark": "#404b59"
      },
      "geometry": {
        "type": "Point",
        "coordinates": [
          121.640702,
          24.128049
        ]
      }
    },
    {
      "type": "Feature",
      "properties": {
        "sys": "tra_sched",
        "lineId": "北迴線",
        "lineKey": "tra_sched|北迴線",
        "name": "崇德",
        "color": "#5D6D7E",
        "colorDark": "#2f3843",
        "colorFaintLight": "#bec0bf",
        "colorFaintDark": "#212832",
        "colorFaintSat": "#31443e",
        "colorHiddenLight": "#d7d6d0",
        "colorHiddenDark": "#191f28",
        "colorHiddenSat": "#2b3e36",
        "colorFollowDark": "#404b59"
      },
      "geometry": {
        "type": "Point",
        "coordinates": [
          121.655688,
          24.171734
        ]
      }
    },
    {
      "type": "Feature",
      "properties": {
        "sys": "tra_sched",
        "lineId": "北迴線",
        "lineKey": "tra_sched|北迴線",
        "name": "和仁",
        "color": "#5D6D7E",
        "colorDark": "#2f3843",
        "colorFaintLight": "#bec0bf",
        "colorFaintDark": "#212832",
        "colorFaintSat": "#31443e",
        "colorHiddenLight": "#d7d6d0",
        "colorHiddenDark": "#191f28",
        "colorHiddenSat": "#2b3e36",
        "colorFollowDark": "#404b59"
      },
      "geometry": {
        "type": "Point",
        "coordinates": [
          121.712463,
          24.241583
        ]
      }
    },
    {
      "type": "Feature",
      "properties": {
        "sys": "tra_sched",
        "lineId": "北迴線",
        "lineKey": "tra_sched|北迴線",
        "name": "和平",
        "color": "#5D6D7E",
        "colorDark": "#2f3843",
        "colorFaintLight": "#bec0bf",
        "colorFaintDark": "#212832",
        "colorFaintSat": "#31443e",
        "colorHiddenLight": "#d7d6d0",
        "colorHiddenDark": "#191f28",
        "colorHiddenSat": "#2b3e36",
        "colorFollowDark": "#404b59"
      },
      "geometry": {
        "type": "Point",
        "coordinates": [
          121.754702,
          24.297845
        ]
      }
    },
    {
      "type": "Feature",
      "properties": {
        "sys": "tra_sched",
        "lineId": "北迴線",
        "lineKey": "tra_sched|北迴線",
        "name": "漢本",
        "color": "#5D6D7E",
        "colorDark": "#2f3843",
        "colorFaintLight": "#bec0bf",
        "colorFaintDark": "#212832",
        "colorFaintSat": "#31443e",
        "colorHiddenLight": "#d7d6d0",
        "colorHiddenDark": "#191f28",
        "colorHiddenSat": "#2b3e36",
        "colorFollowDark": "#404b59"
      },
      "geometry": {
        "type": "Point",
        "coordinates": [
          121.768126,
          24.333803
        ]
      }
    },
    {
      "type": "Feature",
      "properties": {
        "sys": "tra_sched",
        "lineId": "北迴線",
        "lineKey": "tra_sched|北迴線",
        "name": "武塔",
        "color": "#5D6D7E",
        "colorDark": "#2f3843",
        "colorFaintLight": "#bec0bf",
        "colorFaintDark": "#212832",
        "colorFaintSat": "#31443e",
        "colorHiddenLight": "#d7d6d0",
        "colorHiddenDark": "#191f28",
        "colorHiddenSat": "#2b3e36",
        "colorFollowDark": "#404b59"
      },
      "geometry": {
        "type": "Point",
        "coordinates": [
          121.775894,
          24.448732
        ]
      }
    },
    {
      "type": "Feature",
      "properties": {
        "sys": "tra_sched",
        "lineId": "北迴線",
        "lineKey": "tra_sched|北迴線",
        "name": "南澳",
        "color": "#5D6D7E",
        "colorDark": "#2f3843",
        "colorFaintLight": "#bec0bf",
        "colorFaintDark": "#212832",
        "colorFaintSat": "#31443e",
        "colorHiddenLight": "#d7d6d0",
        "colorHiddenDark": "#191f28",
        "colorHiddenSat": "#2b3e36",
        "colorFollowDark": "#404b59"
      },
      "geometry": {
        "type": "Point",
        "coordinates": [
          121.801342,
          24.463079
        ]
      }
    },
    {
      "type": "Feature",
      "properties": {
        "sys": "tra_sched",
        "lineId": "北迴線",
        "lineKey": "tra_sched|北迴線",
        "name": "東澳",
        "color": "#5D6D7E",
        "colorDark": "#2f3843",
        "colorFaintLight": "#bec0bf",
        "colorFaintDark": "#212832",
        "colorFaintSat": "#31443e",
        "colorHiddenLight": "#d7d6d0",
        "colorHiddenDark": "#191f28",
        "colorHiddenSat": "#2b3e36",
        "colorFollowDark": "#404b59"
      },
      "geometry": {
        "type": "Point",
        "coordinates": [
          121.830712,
          24.517779
        ]
      }
    },
    {
      "type": "Feature",
      "properties": {
        "sys": "tra_sched",
        "lineId": "北迴線",
        "lineKey": "tra_sched|北迴線",
        "name": "永樂",
        "color": "#5D6D7E",
        "colorDark": "#2f3843",
        "colorFaintLight": "#bec0bf",
        "colorFaintDark": "#212832",
        "colorFaintSat": "#31443e",
        "colorHiddenLight": "#d7d6d0",
        "colorHiddenDark": "#191f28",
        "colorHiddenSat": "#2b3e36",
        "colorFollowDark": "#404b59"
      },
      "geometry": {
        "type": "Point",
        "coordinates": [
          121.844557,
          24.568388
        ]
      }
    },
    {
      "type": "Feature",
      "properties": {
        "sys": "tra_sched",
        "lineId": "北迴線",
        "lineKey": "tra_sched|北迴線",
        "name": "蘇澳新",
        "color": "#5D6D7E",
        "colorDark": "#2f3843",
        "colorFaintLight": "#bec0bf",
        "colorFaintDark": "#212832",
        "colorFaintSat": "#31443e",
        "colorHiddenLight": "#d7d6d0",
        "colorHiddenDark": "#191f28",
        "colorHiddenSat": "#2b3e36",
        "colorFollowDark": "#404b59"
      },
      "geometry": {
        "type": "Point",
        "coordinates": [
          121.828149,
          24.608249
        ]
      }
    },
    {
      "type": "Feature",
      "properties": {
        "sys": "tra_sched",
        "lineId": "宜蘭線",
        "lineKey": "tra_sched|宜蘭線",
        "name": "蘇澳",
        "color": "#C2185B",
        "colorDark": "#571635",
        "colorFaintLight": "#e1a2b3",
        "colorFaintDark": "#37152a",
        "colorFaintSat": "#473136",
        "colorHiddenLight": "#e9c7ca",
        "colorHiddenDark": "#251424",
        "colorHiddenSat": "#373432",
        "colorFollowDark": "#7e1643"
      },
      "geometry": {
        "type": "Point",
        "coordinates": [
          121.851454,
          24.595177
        ]
      }
    },
    {
      "type": "Feature",
      "properties": {
        "sys": "tra_sched",
        "lineId": "宜蘭線",
        "lineKey": "tra_sched|宜蘭線",
        "name": "蘇澳新",
        "color": "#C2185B",
        "colorDark": "#571635",
        "colorFaintLight": "#e1a2b3",
        "colorFaintDark": "#37152a",
        "colorFaintSat": "#473136",
        "colorHiddenLight": "#e9c7ca",
        "colorHiddenDark": "#251424",
        "colorHiddenSat": "#373432",
        "colorFollowDark": "#7e1643"
      },
      "geometry": {
        "type": "Point",
        "coordinates": [
          121.828149,
          24.608249
        ]
      }
    },
    {
      "type": "Feature",
      "properties": {
        "sys": "tra_sched",
        "lineId": "宜蘭線",
        "lineKey": "tra_sched|宜蘭線",
        "name": "新馬",
        "color": "#C2185B",
        "colorDark": "#571635",
        "colorFaintLight": "#e1a2b3",
        "colorFaintDark": "#37152a",
        "colorFaintSat": "#473136",
        "colorHiddenLight": "#e9c7ca",
        "colorHiddenDark": "#251424",
        "colorHiddenSat": "#373432",
        "colorFollowDark": "#7e1643"
      },
      "geometry": {
        "type": "Point",
        "coordinates": [
          121.822679,
          24.615732
        ]
      }
    },
    {
      "type": "Feature",
      "properties": {
        "sys": "tra_sched",
        "lineId": "宜蘭線",
        "lineKey": "tra_sched|宜蘭線",
        "name": "冬山",
        "color": "#C2185B",
        "colorDark": "#571635",
        "colorFaintLight": "#e1a2b3",
        "colorFaintDark": "#37152a",
        "colorFaintSat": "#473136",
        "colorHiddenLight": "#e9c7ca",
        "colorHiddenDark": "#251424",
        "colorHiddenSat": "#373432",
        "colorFollowDark": "#7e1643"
      },
      "geometry": {
        "type": "Point",
        "coordinates": [
          121.792074,
          24.636824
        ]
      }
    },
    {
      "type": "Feature",
      "properties": {
        "sys": "tra_sched",
        "lineId": "宜蘭線",
        "lineKey": "tra_sched|宜蘭線",
        "name": "羅東",
        "color": "#C2185B",
        "colorDark": "#571635",
        "colorFaintLight": "#e1a2b3",
        "colorFaintDark": "#37152a",
        "colorFaintSat": "#473136",
        "colorHiddenLight": "#e9c7ca",
        "colorHiddenDark": "#251424",
        "colorHiddenSat": "#373432",
        "colorFollowDark": "#7e1643"
      },
      "geometry": {
        "type": "Point",
        "coordinates": [
          121.774599,
          24.677978
        ]
      }
    },
    {
      "type": "Feature",
      "properties": {
        "sys": "tra_sched",
        "lineId": "宜蘭線",
        "lineKey": "tra_sched|宜蘭線",
        "name": "中里",
        "color": "#C2185B",
        "colorDark": "#571635",
        "colorFaintLight": "#e1a2b3",
        "colorFaintDark": "#37152a",
        "colorFaintSat": "#473136",
        "colorHiddenLight": "#e9c7ca",
        "colorHiddenDark": "#251424",
        "colorHiddenSat": "#373432",
        "colorFollowDark": "#7e1643"
      },
      "geometry": {
        "type": "Point",
        "coordinates": [
          121.775226,
          24.695076
        ]
      }
    },
    {
      "type": "Feature",
      "properties": {
        "sys": "tra_sched",
        "lineId": "宜蘭線",
        "lineKey": "tra_sched|宜蘭線",
        "name": "二結",
        "color": "#C2185B",
        "colorDark": "#571635",
        "colorFaintLight": "#e1a2b3",
        "colorFaintDark": "#37152a",
        "colorFaintSat": "#473136",
        "colorHiddenLight": "#e9c7ca",
        "colorHiddenDark": "#251424",
        "colorHiddenSat": "#373432",
        "colorFollowDark": "#7e1643"
      },
      "geometry": {
        "type": "Point",
        "coordinates": [
          121.77421,
          24.706
        ]
      }
    },
    {
      "type": "Feature",
      "properties": {
        "sys": "tra_sched",
        "lineId": "宜蘭線",
        "lineKey": "tra_sched|宜蘭線",
        "name": "宜蘭",
        "color": "#C2185B",
        "colorDark": "#571635",
        "colorFaintLight": "#e1a2b3",
        "colorFaintDark": "#37152a",
        "colorFaintSat": "#473136",
        "colorHiddenLight": "#e9c7ca",
        "colorHiddenDark": "#251424",
        "colorHiddenSat": "#373432",
        "colorFollowDark": "#7e1643"
      },
      "geometry": {
        "type": "Point",
        "coordinates": [
          121.758311,
          24.75456
        ]
      }
    },
    {
      "type": "Feature",
      "properties": {
        "sys": "tra_sched",
        "lineId": "宜蘭線",
        "lineKey": "tra_sched|宜蘭線",
        "name": "四城",
        "color": "#C2185B",
        "colorDark": "#571635",
        "colorFaintLight": "#e1a2b3",
        "colorFaintDark": "#37152a",
        "colorFaintSat": "#473136",
        "colorHiddenLight": "#e9c7ca",
        "colorHiddenDark": "#251424",
        "colorHiddenSat": "#373432",
        "colorFollowDark": "#7e1643"
      },
      "geometry": {
        "type": "Point",
        "coordinates": [
          121.762903,
          24.786859
        ]
      }
    },
    {
      "type": "Feature",
      "properties": {
        "sys": "tra_sched",
        "lineId": "宜蘭線",
        "lineKey": "tra_sched|宜蘭線",
        "name": "礁溪",
        "color": "#C2185B",
        "colorDark": "#571635",
        "colorFaintLight": "#e1a2b3",
        "colorFaintDark": "#37152a",
        "colorFaintSat": "#473136",
        "colorHiddenLight": "#e9c7ca",
        "colorHiddenDark": "#251424",
        "colorHiddenSat": "#373432",
        "colorFollowDark": "#7e1643"
      },
      "geometry": {
        "type": "Point",
        "coordinates": [
          121.775485,
          24.826803
        ]
      }
    },
    {
      "type": "Feature",
      "properties": {
        "sys": "tra_sched",
        "lineId": "宜蘭線",
        "lineKey": "tra_sched|宜蘭線",
        "name": "頂埔",
        "color": "#C2185B",
        "colorDark": "#571635",
        "colorFaintLight": "#e1a2b3",
        "colorFaintDark": "#37152a",
        "colorFaintSat": "#473136",
        "colorHiddenLight": "#e9c7ca",
        "colorHiddenDark": "#251424",
        "colorHiddenSat": "#373432",
        "colorFollowDark": "#7e1643"
      },
      "geometry": {
        "type": "Point",
        "coordinates": [
          121.80897,
          24.843954
        ]
      }
    },
    {
      "type": "Feature",
      "properties": {
        "sys": "tra_sched",
        "lineId": "宜蘭線",
        "lineKey": "tra_sched|宜蘭線",
        "name": "頭城",
        "color": "#C2185B",
        "colorDark": "#571635",
        "colorFaintLight": "#e1a2b3",
        "colorFaintDark": "#37152a",
        "colorFaintSat": "#473136",
        "colorHiddenLight": "#e9c7ca",
        "colorHiddenDark": "#251424",
        "colorHiddenSat": "#373432",
        "colorFollowDark": "#7e1643"
      },
      "geometry": {
        "type": "Point",
        "coordinates": [
          121.822294,
          24.859046
        ]
      }
    },
    {
      "type": "Feature",
      "properties": {
        "sys": "tra_sched",
        "lineId": "宜蘭線",
        "lineKey": "tra_sched|宜蘭線",
        "name": "外澳",
        "color": "#C2185B",
        "colorDark": "#571635",
        "colorFaintLight": "#e1a2b3",
        "colorFaintDark": "#37152a",
        "colorFaintSat": "#473136",
        "colorHiddenLight": "#e9c7ca",
        "colorHiddenDark": "#251424",
        "colorHiddenSat": "#373432",
        "colorFollowDark": "#7e1643"
      },
      "geometry": {
        "type": "Point",
        "coordinates": [
          121.84554,
          24.883635
        ]
      }
    },
    {
      "type": "Feature",
      "properties": {
        "sys": "tra_sched",
        "lineId": "宜蘭線",
        "lineKey": "tra_sched|宜蘭線",
        "name": "龜山",
        "color": "#C2185B",
        "colorDark": "#571635",
        "colorFaintLight": "#e1a2b3",
        "colorFaintDark": "#37152a",
        "colorFaintSat": "#473136",
        "colorHiddenLight": "#e9c7ca",
        "colorHiddenDark": "#251424",
        "colorHiddenSat": "#373432",
        "colorFollowDark": "#7e1643"
      },
      "geometry": {
        "type": "Point",
        "coordinates": [
          121.868746,
          24.905066
        ]
      }
    },
    {
      "type": "Feature",
      "properties": {
        "sys": "tra_sched",
        "lineId": "宜蘭線",
        "lineKey": "tra_sched|宜蘭線",
        "name": "大溪",
        "color": "#C2185B",
        "colorDark": "#571635",
        "colorFaintLight": "#e1a2b3",
        "colorFaintDark": "#37152a",
        "colorFaintSat": "#473136",
        "colorHiddenLight": "#e9c7ca",
        "colorHiddenDark": "#251424",
        "colorHiddenSat": "#373432",
        "colorFollowDark": "#7e1643"
      },
      "geometry": {
        "type": "Point",
        "coordinates": [
          121.889806,
          24.938363
        ]
      }
    },
    {
      "type": "Feature",
      "properties": {
        "sys": "tra_sched",
        "lineId": "宜蘭線",
        "lineKey": "tra_sched|宜蘭線",
        "name": "大里",
        "color": "#C2185B",
        "colorDark": "#571635",
        "colorFaintLight": "#e1a2b3",
        "colorFaintDark": "#37152a",
        "colorFaintSat": "#473136",
        "colorHiddenLight": "#e9c7ca",
        "colorHiddenDark": "#251424",
        "colorHiddenSat": "#373432",
        "colorFollowDark": "#7e1643"
      },
      "geometry": {
        "type": "Point",
        "coordinates": [
          121.922515,
          24.966761
        ]
      }
    },
    {
      "type": "Feature",
      "properties": {
        "sys": "tra_sched",
        "lineId": "宜蘭線",
        "lineKey": "tra_sched|宜蘭線",
        "name": "石城",
        "color": "#C2185B",
        "colorDark": "#571635",
        "colorFaintLight": "#e1a2b3",
        "colorFaintDark": "#37152a",
        "colorFaintSat": "#473136",
        "colorHiddenLight": "#e9c7ca",
        "colorHiddenDark": "#251424",
        "colorHiddenSat": "#373432",
        "colorFollowDark": "#7e1643"
      },
      "geometry": {
        "type": "Point",
        "coordinates": [
          121.945422,
          24.978318
        ]
      }
    },
    {
      "type": "Feature",
      "properties": {
        "sys": "tra_sched",
        "lineId": "宜蘭線",
        "lineKey": "tra_sched|宜蘭線",
        "name": "福隆",
        "color": "#C2185B",
        "colorDark": "#571635",
        "colorFaintLight": "#e1a2b3",
        "colorFaintDark": "#37152a",
        "colorFaintSat": "#473136",
        "colorHiddenLight": "#e9c7ca",
        "colorHiddenDark": "#251424",
        "colorHiddenSat": "#373432",
        "colorFollowDark": "#7e1643"
      },
      "geometry": {
        "type": "Point",
        "coordinates": [
          121.944576,
          25.015692
        ]
      }
    },
    {
      "type": "Feature",
      "properties": {
        "sys": "tra_sched",
        "lineId": "宜蘭線",
        "lineKey": "tra_sched|宜蘭線",
        "name": "貢寮",
        "color": "#C2185B",
        "colorDark": "#571635",
        "colorFaintLight": "#e1a2b3",
        "colorFaintDark": "#37152a",
        "colorFaintSat": "#473136",
        "colorHiddenLight": "#e9c7ca",
        "colorHiddenDark": "#251424",
        "colorHiddenSat": "#373432",
        "colorFollowDark": "#7e1643"
      },
      "geometry": {
        "type": "Point",
        "coordinates": [
          121.908826,
          25.021812
        ]
      }
    },
    {
      "type": "Feature",
      "properties": {
        "sys": "tra_sched",
        "lineId": "宜蘭線",
        "lineKey": "tra_sched|宜蘭線",
        "name": "雙溪",
        "color": "#C2185B",
        "colorDark": "#571635",
        "colorFaintLight": "#e1a2b3",
        "colorFaintDark": "#37152a",
        "colorFaintSat": "#473136",
        "colorHiddenLight": "#e9c7ca",
        "colorHiddenDark": "#251424",
        "colorHiddenSat": "#373432",
        "colorFollowDark": "#7e1643"
      },
      "geometry": {
        "type": "Point",
        "coordinates": [
          121.866974,
          25.038828
        ]
      }
    },
    {
      "type": "Feature",
      "properties": {
        "sys": "tra_sched",
        "lineId": "宜蘭線",
        "lineKey": "tra_sched|宜蘭線",
        "name": "牡丹",
        "color": "#C2185B",
        "colorDark": "#571635",
        "colorFaintLight": "#e1a2b3",
        "colorFaintDark": "#37152a",
        "colorFaintSat": "#473136",
        "colorHiddenLight": "#e9c7ca",
        "colorHiddenDark": "#251424",
        "colorHiddenSat": "#373432",
        "colorFollowDark": "#7e1643"
      },
      "geometry": {
        "type": "Point",
        "coordinates": [
          121.852061,
          25.058515
        ]
      }
    },
    {
      "type": "Feature",
      "properties": {
        "sys": "tra_sched",
        "lineId": "宜蘭線",
        "lineKey": "tra_sched|宜蘭線",
        "name": "三貂嶺",
        "color": "#C2185B",
        "colorDark": "#571635",
        "colorFaintLight": "#e1a2b3",
        "colorFaintDark": "#37152a",
        "colorFaintSat": "#473136",
        "colorHiddenLight": "#e9c7ca",
        "colorHiddenDark": "#251424",
        "colorHiddenSat": "#373432",
        "colorFollowDark": "#7e1643"
      },
      "geometry": {
        "type": "Point",
        "coordinates": [
          121.822376,
          25.066101
        ]
      }
    },
    {
      "type": "Feature",
      "properties": {
        "sys": "tra_sched",
        "lineId": "宜蘭線",
        "lineKey": "tra_sched|宜蘭線",
        "name": "猴硐",
        "color": "#C2185B",
        "colorDark": "#571635",
        "colorFaintLight": "#e1a2b3",
        "colorFaintDark": "#37152a",
        "colorFaintSat": "#473136",
        "colorHiddenLight": "#e9c7ca",
        "colorHiddenDark": "#251424",
        "colorHiddenSat": "#373432",
        "colorFollowDark": "#7e1643"
      },
      "geometry": {
        "type": "Point",
        "coordinates": [
          121.827214,
          25.087019
        ]
      }
    },
    {
      "type": "Feature",
      "properties": {
        "sys": "tra_sched",
        "lineId": "宜蘭線",
        "lineKey": "tra_sched|宜蘭線",
        "name": "瑞芳",
        "color": "#C2185B",
        "colorDark": "#571635",
        "colorFaintLight": "#e1a2b3",
        "colorFaintDark": "#37152a",
        "colorFaintSat": "#473136",
        "colorHiddenLight": "#e9c7ca",
        "colorHiddenDark": "#251424",
        "colorHiddenSat": "#373432",
        "colorFollowDark": "#7e1643"
      },
      "geometry": {
        "type": "Point",
        "coordinates": [
          121.806558,
          25.109011
        ]
      }
    },
    {
      "type": "Feature",
      "properties": {
        "sys": "tra_sched",
        "lineId": "宜蘭線",
        "lineKey": "tra_sched|宜蘭線",
        "name": "四腳亭",
        "color": "#C2185B",
        "colorDark": "#571635",
        "colorFaintLight": "#e1a2b3",
        "colorFaintDark": "#37152a",
        "colorFaintSat": "#473136",
        "colorHiddenLight": "#e9c7ca",
        "colorHiddenDark": "#251424",
        "colorHiddenSat": "#373432",
        "colorFollowDark": "#7e1643"
      },
      "geometry": {
        "type": "Point",
        "coordinates": [
          121.761821,
          25.102636
        ]
      }
    },
    {
      "type": "Feature",
      "properties": {
        "sys": "tra_sched",
        "lineId": "宜蘭線",
        "lineKey": "tra_sched|宜蘭線",
        "name": "暖暖",
        "color": "#C2185B",
        "colorDark": "#571635",
        "colorFaintLight": "#e1a2b3",
        "colorFaintDark": "#37152a",
        "colorFaintSat": "#473136",
        "colorHiddenLight": "#e9c7ca",
        "colorHiddenDark": "#251424",
        "colorHiddenSat": "#373432",
        "colorFollowDark": "#7e1643"
      },
      "geometry": {
        "type": "Point",
        "coordinates": [
          121.74031,
          25.10231
        ]
      }
    },
    {
      "type": "Feature",
      "properties": {
        "sys": "tra_sched",
        "lineId": "宜蘭線",
        "lineKey": "tra_sched|宜蘭線",
        "name": "八堵",
        "color": "#C2185B",
        "colorDark": "#571635",
        "colorFaintLight": "#e1a2b3",
        "colorFaintDark": "#37152a",
        "colorFaintSat": "#473136",
        "colorHiddenLight": "#e9c7ca",
        "colorHiddenDark": "#251424",
        "colorHiddenSat": "#373432",
        "colorFollowDark": "#7e1643"
      },
      "geometry": {
        "type": "Point",
        "coordinates": [
          121.729007,
          25.108495
        ]
      }
    },
    {
      "type": "Feature",
      "properties": {
        "sys": "tra_sched",
        "lineId": "NEIWAN",
        "lineKey": "tra_sched|NEIWAN",
        "name": "新竹",
        "color": "#00A0B0",
        "colorDark": "#0a4c57",
        "colorFaintLight": "#9dd2d1",
        "colorFaintDark": "#0c333d",
        "colorFaintSat": "#1c4f49",
        "colorHiddenLight": "#c6dfd9",
        "colorHiddenDark": "#0e252e",
        "colorHiddenSat": "#20443c",
        "colorFollowDark": "#066b78"
      },
      "geometry": {
        "type": "Point",
        "coordinates": [
          120.971678,
          24.801403
        ]
      }
    },
    {
      "type": "Feature",
      "properties": {
        "sys": "tra_sched",
        "lineId": "NEIWAN",
        "lineKey": "tra_sched|NEIWAN",
        "name": "北新竹",
        "color": "#00A0B0",
        "colorDark": "#0a4c57",
        "colorFaintLight": "#9dd2d1",
        "colorFaintDark": "#0c333d",
        "colorFaintSat": "#1c4f49",
        "colorHiddenLight": "#c6dfd9",
        "colorHiddenDark": "#0e252e",
        "colorHiddenSat": "#20443c",
        "colorFollowDark": "#066b78"
      },
      "geometry": {
        "type": "Point",
        "coordinates": [
          120.98379,
          24.80863
        ]
      }
    },
    {
      "type": "Feature",
      "properties": {
        "sys": "tra_sched",
        "lineId": "NEIWAN",
        "lineKey": "tra_sched|NEIWAN",
        "name": "千甲",
        "color": "#00A0B0",
        "colorDark": "#0a4c57",
        "colorFaintLight": "#9dd2d1",
        "colorFaintDark": "#0c333d",
        "colorFaintSat": "#1c4f49",
        "colorHiddenLight": "#c6dfd9",
        "colorHiddenDark": "#0e252e",
        "colorHiddenSat": "#20443c",
        "colorFollowDark": "#066b78"
      },
      "geometry": {
        "type": "Point",
        "coordinates": [
          121.0034,
          24.80657
        ]
      }
    },
    {
      "type": "Feature",
      "properties": {
        "sys": "tra_sched",
        "lineId": "NEIWAN",
        "lineKey": "tra_sched|NEIWAN",
        "name": "新莊",
        "color": "#00A0B0",
        "colorDark": "#0a4c57",
        "colorFaintLight": "#9dd2d1",
        "colorFaintDark": "#0c333d",
        "colorFaintSat": "#1c4f49",
        "colorHiddenLight": "#c6dfd9",
        "colorHiddenDark": "#0e252e",
        "colorHiddenSat": "#20443c",
        "colorFollowDark": "#066b78"
      },
      "geometry": {
        "type": "Point",
        "coordinates": [
          121.02196,
          24.78811
        ]
      }
    },
    {
      "type": "Feature",
      "properties": {
        "sys": "tra_sched",
        "lineId": "NEIWAN",
        "lineKey": "tra_sched|NEIWAN",
        "name": "竹中",
        "color": "#00A0B0",
        "colorDark": "#0a4c57",
        "colorFaintLight": "#9dd2d1",
        "colorFaintDark": "#0c333d",
        "colorFaintSat": "#1c4f49",
        "colorHiddenLight": "#c6dfd9",
        "colorHiddenDark": "#0e252e",
        "colorHiddenSat": "#20443c",
        "colorFollowDark": "#066b78"
      },
      "geometry": {
        "type": "Point",
        "coordinates": [
          121.03141,
          24.78145
        ]
      }
    },
    {
      "type": "Feature",
      "properties": {
        "sys": "tra_sched",
        "lineId": "NEIWAN",
        "lineKey": "tra_sched|NEIWAN",
        "name": "上員",
        "color": "#00A0B0",
        "colorDark": "#0a4c57",
        "colorFaintLight": "#9dd2d1",
        "colorFaintDark": "#0c333d",
        "colorFaintSat": "#1c4f49",
        "colorHiddenLight": "#c6dfd9",
        "colorHiddenDark": "#0e252e",
        "colorHiddenSat": "#20443c",
        "colorFollowDark": "#066b78"
      },
      "geometry": {
        "type": "Point",
        "coordinates": [
          121.05582,
          24.77776
        ]
      }
    },
    {
      "type": "Feature",
      "properties": {
        "sys": "tra_sched",
        "lineId": "NEIWAN",
        "lineKey": "tra_sched|NEIWAN",
        "name": "榮華",
        "color": "#00A0B0",
        "colorDark": "#0a4c57",
        "colorFaintLight": "#9dd2d1",
        "colorFaintDark": "#0c333d",
        "colorFaintSat": "#1c4f49",
        "colorHiddenLight": "#c6dfd9",
        "colorHiddenDark": "#0e252e",
        "colorHiddenSat": "#20443c",
        "colorFollowDark": "#066b78"
      },
      "geometry": {
        "type": "Point",
        "coordinates": [
          121.08319,
          24.74839
        ]
      }
    },
    {
      "type": "Feature",
      "properties": {
        "sys": "tra_sched",
        "lineId": "NEIWAN",
        "lineKey": "tra_sched|NEIWAN",
        "name": "竹東",
        "color": "#00A0B0",
        "colorDark": "#0a4c57",
        "colorFaintLight": "#9dd2d1",
        "colorFaintDark": "#0c333d",
        "colorFaintSat": "#1c4f49",
        "colorHiddenLight": "#c6dfd9",
        "colorHiddenDark": "#0e252e",
        "colorHiddenSat": "#20443c",
        "colorFollowDark": "#066b78"
      },
      "geometry": {
        "type": "Point",
        "coordinates": [
          121.09472,
          24.73823
        ]
      }
    },
    {
      "type": "Feature",
      "properties": {
        "sys": "tra_sched",
        "lineId": "NEIWAN",
        "lineKey": "tra_sched|NEIWAN",
        "name": "橫山",
        "color": "#00A0B0",
        "colorDark": "#0a4c57",
        "colorFaintLight": "#9dd2d1",
        "colorFaintDark": "#0c333d",
        "colorFaintSat": "#1c4f49",
        "colorHiddenLight": "#c6dfd9",
        "colorHiddenDark": "#0e252e",
        "colorHiddenSat": "#20443c",
        "colorFollowDark": "#066b78"
      },
      "geometry": {
        "type": "Point",
        "coordinates": [
          121.11772,
          24.72041
        ]
      }
    },
    {
      "type": "Feature",
      "properties": {
        "sys": "tra_sched",
        "lineId": "NEIWAN",
        "lineKey": "tra_sched|NEIWAN",
        "name": "九讚頭",
        "color": "#00A0B0",
        "colorDark": "#0a4c57",
        "colorFaintLight": "#9dd2d1",
        "colorFaintDark": "#0c333d",
        "colorFaintSat": "#1c4f49",
        "colorHiddenLight": "#c6dfd9",
        "colorHiddenDark": "#0e252e",
        "colorHiddenSat": "#20443c",
        "colorFollowDark": "#066b78"
      },
      "geometry": {
        "type": "Point",
        "coordinates": [
          121.13622,
          24.72062
        ]
      }
    },
    {
      "type": "Feature",
      "properties": {
        "sys": "tra_sched",
        "lineId": "NEIWAN",
        "lineKey": "tra_sched|NEIWAN",
        "name": "合興",
        "color": "#00A0B0",
        "colorDark": "#0a4c57",
        "colorFaintLight": "#9dd2d1",
        "colorFaintDark": "#0c333d",
        "colorFaintSat": "#1c4f49",
        "colorHiddenLight": "#c6dfd9",
        "colorHiddenDark": "#0e252e",
        "colorHiddenSat": "#20443c",
        "colorFollowDark": "#066b78"
      },
      "geometry": {
        "type": "Point",
        "coordinates": [
          121.15437,
          24.71667
        ]
      }
    },
    {
      "type": "Feature",
      "properties": {
        "sys": "tra_sched",
        "lineId": "NEIWAN",
        "lineKey": "tra_sched|NEIWAN",
        "name": "富貴",
        "color": "#00A0B0",
        "colorDark": "#0a4c57",
        "colorFaintLight": "#9dd2d1",
        "colorFaintDark": "#0c333d",
        "colorFaintSat": "#1c4f49",
        "colorHiddenLight": "#c6dfd9",
        "colorHiddenDark": "#0e252e",
        "colorHiddenSat": "#20443c",
        "colorFollowDark": "#066b78"
      },
      "geometry": {
        "type": "Point",
        "coordinates": [
          121.16743,
          24.71551
        ]
      }
    },
    {
      "type": "Feature",
      "properties": {
        "sys": "tra_sched",
        "lineId": "NEIWAN",
        "lineKey": "tra_sched|NEIWAN",
        "name": "內灣",
        "color": "#00A0B0",
        "colorDark": "#0a4c57",
        "colorFaintLight": "#9dd2d1",
        "colorFaintDark": "#0c333d",
        "colorFaintSat": "#1c4f49",
        "colorHiddenLight": "#c6dfd9",
        "colorHiddenDark": "#0e252e",
        "colorHiddenSat": "#20443c",
        "colorFollowDark": "#066b78"
      },
      "geometry": {
        "type": "Point",
        "coordinates": [
          121.18255,
          24.70535
        ]
      }
    },
    {
      "type": "Feature",
      "properties": {
        "sys": "tra_sched",
        "lineId": "LIUJIA",
        "lineKey": "tra_sched|LIUJIA",
        "name": "竹中",
        "color": "#7FB800",
        "colorDark": "#3c5611",
        "colorFaintLight": "#cada93",
        "colorFaintDark": "#283816",
        "colorFaintSat": "#385422",
        "colorHiddenLight": "#dde3b9",
        "colorHiddenDark": "#1d2819",
        "colorHiddenSat": "#2f4727",
        "colorFollowDark": "#557a0b"
      },
      "geometry": {
        "type": "Point",
        "coordinates": [
          121.03141,
          24.78145
        ]
      }
    },
    {
      "type": "Feature",
      "properties": {
        "sys": "tra_sched",
        "lineId": "LIUJIA",
        "lineKey": "tra_sched|LIUJIA",
        "name": "六家",
        "color": "#7FB800",
        "colorDark": "#3c5611",
        "colorFaintLight": "#cada93",
        "colorFaintDark": "#283816",
        "colorFaintSat": "#385422",
        "colorHiddenLight": "#dde3b9",
        "colorHiddenDark": "#1d2819",
        "colorHiddenSat": "#2f4727",
        "colorFollowDark": "#557a0b"
      },
      "geometry": {
        "type": "Point",
        "coordinates": [
          121.03941,
          24.80766
        ]
      }
    },
    {
      "type": "Feature",
      "properties": {
        "sys": "tra_sched",
        "lineId": "PINGXI",
        "lineKey": "tra_sched|PINGXI",
        "name": "三貂嶺",
        "color": "#E4572E",
        "colorDark": "#652f23",
        "colorFaintLight": "#edb9a3",
        "colorFaintDark": "#3f2320",
        "colorFaintSat": "#4e3f2c",
        "colorHiddenLight": "#efd2c2",
        "colorHiddenDark": "#291c1e",
        "colorHiddenSat": "#3b3c2c",
        "colorFollowDark": "#933e27"
      },
      "geometry": {
        "type": "Point",
        "coordinates": [
          121.822376,
          25.066101
        ]
      }
    },
    {
      "type": "Feature",
      "properties": {
        "sys": "tra_sched",
        "lineId": "PINGXI",
        "lineKey": "tra_sched|PINGXI",
        "name": "大華",
        "color": "#E4572E",
        "colorDark": "#652f23",
        "colorFaintLight": "#edb9a3",
        "colorFaintDark": "#3f2320",
        "colorFaintSat": "#4e3f2c",
        "colorHiddenLight": "#efd2c2",
        "colorHiddenDark": "#291c1e",
        "colorHiddenSat": "#3b3c2c",
        "colorFollowDark": "#933e27"
      },
      "geometry": {
        "type": "Point",
        "coordinates": [
          121.79732,
          25.04998
        ]
      }
    },
    {
      "type": "Feature",
      "properties": {
        "sys": "tra_sched",
        "lineId": "PINGXI",
        "lineKey": "tra_sched|PINGXI",
        "name": "十分",
        "color": "#E4572E",
        "colorDark": "#652f23",
        "colorFaintLight": "#edb9a3",
        "colorFaintDark": "#3f2320",
        "colorFaintSat": "#4e3f2c",
        "colorHiddenLight": "#efd2c2",
        "colorHiddenDark": "#291c1e",
        "colorHiddenSat": "#3b3c2c",
        "colorFollowDark": "#933e27"
      },
      "geometry": {
        "type": "Point",
        "coordinates": [
          121.77514,
          25.04111
        ]
      }
    },
    {
      "type": "Feature",
      "properties": {
        "sys": "tra_sched",
        "lineId": "PINGXI",
        "lineKey": "tra_sched|PINGXI",
        "name": "望古",
        "color": "#E4572E",
        "colorDark": "#652f23",
        "colorFaintLight": "#edb9a3",
        "colorFaintDark": "#3f2320",
        "colorFaintSat": "#4e3f2c",
        "colorHiddenLight": "#efd2c2",
        "colorHiddenDark": "#291c1e",
        "colorHiddenSat": "#3b3c2c",
        "colorFollowDark": "#933e27"
      },
      "geometry": {
        "type": "Point",
        "coordinates": [
          121.76349,
          25.03445
        ]
      }
    },
    {
      "type": "Feature",
      "properties": {
        "sys": "tra_sched",
        "lineId": "PINGXI",
        "lineKey": "tra_sched|PINGXI",
        "name": "嶺腳",
        "color": "#E4572E",
        "colorDark": "#652f23",
        "colorFaintLight": "#edb9a3",
        "colorFaintDark": "#3f2320",
        "colorFaintSat": "#4e3f2c",
        "colorHiddenLight": "#efd2c2",
        "colorHiddenDark": "#291c1e",
        "colorHiddenSat": "#3b3c2c",
        "colorFollowDark": "#933e27"
      },
      "geometry": {
        "type": "Point",
        "coordinates": [
          121.74795,
          25.03016
        ]
      }
    },
    {
      "type": "Feature",
      "properties": {
        "sys": "tra_sched",
        "lineId": "PINGXI",
        "lineKey": "tra_sched|PINGXI",
        "name": "平溪",
        "color": "#E4572E",
        "colorDark": "#652f23",
        "colorFaintLight": "#edb9a3",
        "colorFaintDark": "#3f2320",
        "colorFaintSat": "#4e3f2c",
        "colorHiddenLight": "#efd2c2",
        "colorHiddenDark": "#291c1e",
        "colorHiddenSat": "#3b3c2c",
        "colorFollowDark": "#933e27"
      },
      "geometry": {
        "type": "Point",
        "coordinates": [
          121.74019,
          25.02571
        ]
      }
    },
    {
      "type": "Feature",
      "properties": {
        "sys": "tra_sched",
        "lineId": "PINGXI",
        "lineKey": "tra_sched|PINGXI",
        "name": "菁桐",
        "color": "#E4572E",
        "colorDark": "#652f23",
        "colorFaintLight": "#edb9a3",
        "colorFaintDark": "#3f2320",
        "colorFaintSat": "#4e3f2c",
        "colorHiddenLight": "#efd2c2",
        "colorHiddenDark": "#291c1e",
        "colorHiddenSat": "#3b3c2c",
        "colorFollowDark": "#933e27"
      },
      "geometry": {
        "type": "Point",
        "coordinates": [
          121.72391,
          25.02391
        ]
      }
    },
    {
      "type": "Feature",
      "properties": {
        "sys": "tra_sched",
        "lineId": "SHENAO",
        "lineKey": "tra_sched|SHENAO",
        "name": "瑞芳",
        "color": "#F2A104",
        "colorDark": "#6a4c12",
        "colorFaintLight": "#f2d294",
        "colorFaintDark": "#423317",
        "colorFaintSat": "#514f23",
        "colorHiddenLight": "#f2dfba",
        "colorHiddenDark": "#2b2519",
        "colorHiddenSat": "#3d4527",
        "colorFollowDark": "#9c6b0d"
      },
      "geometry": {
        "type": "Point",
        "coordinates": [
          121.806558,
          25.109011
        ]
      }
    },
    {
      "type": "Feature",
      "properties": {
        "sys": "tra_sched",
        "lineId": "SHENAO",
        "lineKey": "tra_sched|SHENAO",
        "name": "海科館",
        "color": "#F2A104",
        "colorDark": "#6a4c12",
        "colorFaintLight": "#f2d294",
        "colorFaintDark": "#423317",
        "colorFaintSat": "#514f23",
        "colorHiddenLight": "#f2dfba",
        "colorHiddenDark": "#2b2519",
        "colorHiddenSat": "#3d4527",
        "colorFollowDark": "#9c6b0d"
      },
      "geometry": {
        "type": "Point",
        "coordinates": [
          121.79997,
          25.13754
        ]
      }
    },
    {
      "type": "Feature",
      "properties": {
        "sys": "tra_sched",
        "lineId": "SHENAO",
        "lineKey": "tra_sched|SHENAO",
        "name": "八斗子",
        "color": "#F2A104",
        "colorDark": "#6a4c12",
        "colorFaintLight": "#f2d294",
        "colorFaintDark": "#423317",
        "colorFaintSat": "#514f23",
        "colorHiddenLight": "#f2dfba",
        "colorHiddenDark": "#2b2519",
        "colorHiddenSat": "#3d4527",
        "colorFollowDark": "#9c6b0d"
      },
      "geometry": {
        "type": "Point",
        "coordinates": [
          121.80286,
          25.13528
        ]
      }
    },
    {
      "type": "Feature",
      "properties": {
        "sys": "tra_sched",
        "lineId": "JIJI",
        "lineKey": "tra_sched|JIJI",
        "name": "二水",
        "color": "#6A8EAE",
        "colorDark": "#344556",
        "colorFaintLight": "#c2ccd0",
        "colorFaintDark": "#242f3c",
        "colorFaintSat": "#334b49",
        "colorHiddenLight": "#dadcd9",
        "colorHiddenDark": "#1b232e",
        "colorHiddenSat": "#2c423c",
        "colorFollowDark": "#486077"
      },
      "geometry": {
        "type": "Point",
        "coordinates": [
          120.6184,
          23.813291
        ]
      }
    },
    {
      "type": "Feature",
      "properties": {
        "sys": "tra_sched",
        "lineId": "JIJI",
        "lineKey": "tra_sched|JIJI",
        "name": "源泉",
        "color": "#6A8EAE",
        "colorDark": "#344556",
        "colorFaintLight": "#c2ccd0",
        "colorFaintDark": "#242f3c",
        "colorFaintSat": "#334b49",
        "colorHiddenLight": "#dadcd9",
        "colorHiddenDark": "#1b232e",
        "colorHiddenSat": "#2c423c",
        "colorFollowDark": "#486077"
      },
      "geometry": {
        "type": "Point",
        "coordinates": [
          120.64211,
          23.79845
        ]
      }
    },
    {
      "type": "Feature",
      "properties": {
        "sys": "tra_sched",
        "lineId": "JIJI",
        "lineKey": "tra_sched|JIJI",
        "name": "濁水",
        "color": "#6A8EAE",
        "colorDark": "#344556",
        "colorFaintLight": "#c2ccd0",
        "colorFaintDark": "#242f3c",
        "colorFaintSat": "#334b49",
        "colorHiddenLight": "#dadcd9",
        "colorHiddenDark": "#1b232e",
        "colorHiddenSat": "#2c423c",
        "colorFollowDark": "#486077"
      },
      "geometry": {
        "type": "Point",
        "coordinates": [
          120.70467,
          23.83467
        ]
      }
    },
    {
      "type": "Feature",
      "properties": {
        "sys": "tra_sched",
        "lineId": "JIJI",
        "lineKey": "tra_sched|JIJI",
        "name": "龍泉",
        "color": "#6A8EAE",
        "colorDark": "#344556",
        "colorFaintLight": "#c2ccd0",
        "colorFaintDark": "#242f3c",
        "colorFaintSat": "#334b49",
        "colorHiddenLight": "#dadcd9",
        "colorHiddenDark": "#1b232e",
        "colorHiddenSat": "#2c423c",
        "colorFollowDark": "#486077"
      },
      "geometry": {
        "type": "Point",
        "coordinates": [
          120.75014,
          23.83521
        ]
      }
    },
    {
      "type": "Feature",
      "properties": {
        "sys": "tra_sched",
        "lineId": "JIJI",
        "lineKey": "tra_sched|JIJI",
        "name": "集集",
        "color": "#6A8EAE",
        "colorDark": "#344556",
        "colorFaintLight": "#c2ccd0",
        "colorFaintDark": "#242f3c",
        "colorFaintSat": "#334b49",
        "colorHiddenLight": "#dadcd9",
        "colorHiddenDark": "#1b232e",
        "colorHiddenSat": "#2c423c",
        "colorFollowDark": "#486077"
      },
      "geometry": {
        "type": "Point",
        "coordinates": [
          120.78495,
          23.82647
        ]
      }
    },
    {
      "type": "Feature",
      "properties": {
        "sys": "tra_sched",
        "lineId": "JIJI",
        "lineKey": "tra_sched|JIJI",
        "name": "水里",
        "color": "#6A8EAE",
        "colorDark": "#344556",
        "colorFaintLight": "#c2ccd0",
        "colorFaintDark": "#242f3c",
        "colorFaintSat": "#334b49",
        "colorHiddenLight": "#dadcd9",
        "colorHiddenDark": "#1b232e",
        "colorHiddenSat": "#2c423c",
        "colorFollowDark": "#486077"
      },
      "geometry": {
        "type": "Point",
        "coordinates": [
          120.85332,
          23.81845
        ]
      }
    },
    {
      "type": "Feature",
      "properties": {
        "sys": "tra_sched",
        "lineId": "JIJI",
        "lineKey": "tra_sched|JIJI",
        "name": "車埕",
        "color": "#6A8EAE",
        "colorDark": "#344556",
        "colorFaintLight": "#c2ccd0",
        "colorFaintDark": "#242f3c",
        "colorFaintSat": "#334b49",
        "colorHiddenLight": "#dadcd9",
        "colorHiddenDark": "#1b232e",
        "colorHiddenSat": "#2c423c",
        "colorFollowDark": "#486077"
      },
      "geometry": {
        "type": "Point",
        "coordinates": [
          120.86572,
          23.83263
        ]
      }
    },
    {
      "type": "Feature",
      "properties": {
        "sys": "tra_sched",
        "lineId": "SHALUN",
        "lineKey": "tra_sched|SHALUN",
        "name": "中洲",
        "color": "#B565A7",
        "colorDark": "#523454",
        "colorFaintLight": "#ddbdcd",
        "colorFaintDark": "#34263b",
        "colorFaintSat": "#444247",
        "colorHiddenLight": "#e7d5d7",
        "colorHiddenDark": "#241e2d",
        "colorHiddenSat": "#353d3b",
        "colorFollowDark": "#764672"
      },
      "geometry": {
        "type": "Point",
        "coordinates": [
          120.25263,
          22.903906
        ]
      }
    },
    {
      "type": "Feature",
      "properties": {
        "sys": "tra_sched",
        "lineId": "SHALUN",
        "lineKey": "tra_sched|SHALUN",
        "name": "長榮大學",
        "color": "#B565A7",
        "colorDark": "#523454",
        "colorFaintLight": "#ddbdcd",
        "colorFaintDark": "#34263b",
        "colorFaintSat": "#444247",
        "colorHiddenLight": "#e7d5d7",
        "colorHiddenDark": "#241e2d",
        "colorHiddenSat": "#353d3b",
        "colorFollowDark": "#764672"
      },
      "geometry": {
        "type": "Point",
        "coordinates": [
          120.27263,
          22.90729
        ]
      }
    },
    {
      "type": "Feature",
      "properties": {
        "sys": "tra_sched",
        "lineId": "SHALUN",
        "lineKey": "tra_sched|SHALUN",
        "name": "沙崙",
        "color": "#B565A7",
        "colorDark": "#523454",
        "colorFaintLight": "#ddbdcd",
        "colorFaintDark": "#34263b",
        "colorFaintSat": "#444247",
        "colorHiddenLight": "#e7d5d7",
        "colorHiddenDark": "#241e2d",
        "colorHiddenSat": "#353d3b",
        "colorFollowDark": "#764672"
      },
      "geometry": {
        "type": "Point",
        "coordinates": [
          120.28622,
          22.92407
        ]
      }
    },
    {
      "type": "Feature",
      "properties": {
        "sys": "tra_sched",
        "lineId": "chengzhui",
        "lineKey": "tra_sched|chengzhui",
        "name": "追分",
        "color": "#3b6ea5",
        "colorDark": "#213853",
        "colorFaintLight": "#b2c1cd",
        "colorFaintDark": "#19283a",
        "colorFaintSat": "#294447",
        "colorHiddenLight": "#d1d6d7",
        "colorHiddenDark": "#151f2c",
        "colorHiddenSat": "#273e3b",
        "colorFollowDark": "#2b4c71"
      },
      "geometry": {
        "type": "Point",
        "coordinates": [
          120.570124,
          24.120227
        ]
      }
    },
    {
      "type": "Feature",
      "properties": {
        "sys": "tra_sched",
        "lineId": "chengzhui",
        "lineKey": "tra_sched|chengzhui",
        "name": "成功",
        "color": "#3b6ea5",
        "colorDark": "#213853",
        "colorFaintLight": "#b2c1cd",
        "colorFaintDark": "#19283a",
        "colorFaintSat": "#294447",
        "colorHiddenLight": "#d1d6d7",
        "colorHiddenDark": "#151f2c",
        "colorHiddenSat": "#273e3b",
        "colorFollowDark": "#2b4c71"
      },
      "geometry": {
        "type": "Point",
        "coordinates": [
          120.59021,
          24.11424
        ]
      }
    },
    {
      "type": "Feature",
      "properties": {
        "sys": "thsr_sched",
        "lineId": "THSR",
        "lineKey": "thsr_sched|THSR",
        "name": "南港",
        "color": "#E85D0D",
        "colorDark": "#663116",
        "colorFaintLight": "#efbb97",
        "colorFaintDark": "#402419",
        "colorFaintSat": "#4f4025",
        "colorHiddenLight": "#f0d3bc",
        "colorHiddenDark": "#2a1d1a",
        "colorHiddenSat": "#3c3c28",
        "colorFollowDark": "#964113"
      },
      "geometry": {
        "type": "Point",
        "coordinates": [
          121.60709,
          25.053704
        ]
      }
    },
    {
      "type": "Feature",
      "properties": {
        "sys": "thsr_sched",
        "lineId": "THSR",
        "lineKey": "thsr_sched|THSR",
        "name": "台北",
        "color": "#E85D0D",
        "colorDark": "#663116",
        "colorFaintLight": "#efbb97",
        "colorFaintDark": "#402419",
        "colorFaintSat": "#4f4025",
        "colorHiddenLight": "#f0d3bc",
        "colorHiddenDark": "#2a1d1a",
        "colorHiddenSat": "#3c3c28",
        "colorFollowDark": "#964113"
      },
      "geometry": {
        "type": "Point",
        "coordinates": [
          121.516983,
          25.04767
        ]
      }
    },
    {
      "type": "Feature",
      "properties": {
        "sys": "thsr_sched",
        "lineId": "THSR",
        "lineKey": "thsr_sched|THSR",
        "name": "板橋",
        "color": "#E85D0D",
        "colorDark": "#663116",
        "colorFaintLight": "#efbb97",
        "colorFaintDark": "#402419",
        "colorFaintSat": "#4f4025",
        "colorHiddenLight": "#f0d3bc",
        "colorHiddenDark": "#2a1d1a",
        "colorHiddenSat": "#3c3c28",
        "colorFollowDark": "#964113"
      },
      "geometry": {
        "type": "Point",
        "coordinates": [
          121.4638,
          25.014214
        ]
      }
    },
    {
      "type": "Feature",
      "properties": {
        "sys": "thsr_sched",
        "lineId": "THSR",
        "lineKey": "thsr_sched|THSR",
        "name": "桃園",
        "color": "#E85D0D",
        "colorDark": "#663116",
        "colorFaintLight": "#efbb97",
        "colorFaintDark": "#402419",
        "colorFaintSat": "#4f4025",
        "colorHiddenLight": "#f0d3bc",
        "colorHiddenDark": "#2a1d1a",
        "colorHiddenSat": "#3c3c28",
        "colorFollowDark": "#964113"
      },
      "geometry": {
        "type": "Point",
        "coordinates": [
          121.214729,
          25.012861
        ]
      }
    },
    {
      "type": "Feature",
      "properties": {
        "sys": "thsr_sched",
        "lineId": "THSR",
        "lineKey": "thsr_sched|THSR",
        "name": "新竹",
        "color": "#E85D0D",
        "colorDark": "#663116",
        "colorFaintLight": "#efbb97",
        "colorFaintDark": "#402419",
        "colorFaintSat": "#4f4025",
        "colorHiddenLight": "#f0d3bc",
        "colorHiddenDark": "#2a1d1a",
        "colorHiddenSat": "#3c3c28",
        "colorFollowDark": "#964113"
      },
      "geometry": {
        "type": "Point",
        "coordinates": [
          121.04026,
          24.808441
        ]
      }
    },
    {
      "type": "Feature",
      "properties": {
        "sys": "thsr_sched",
        "lineId": "THSR",
        "lineKey": "thsr_sched|THSR",
        "name": "苗栗",
        "color": "#E85D0D",
        "colorDark": "#663116",
        "colorFaintLight": "#efbb97",
        "colorFaintDark": "#402419",
        "colorFaintSat": "#4f4025",
        "colorHiddenLight": "#f0d3bc",
        "colorHiddenDark": "#2a1d1a",
        "colorHiddenSat": "#3c3c28",
        "colorFollowDark": "#964113"
      },
      "geometry": {
        "type": "Point",
        "coordinates": [
          120.825272,
          24.605448
        ]
      }
    },
    {
      "type": "Feature",
      "properties": {
        "sys": "thsr_sched",
        "lineId": "THSR",
        "lineKey": "thsr_sched|THSR",
        "name": "台中",
        "color": "#E85D0D",
        "colorDark": "#663116",
        "colorFaintLight": "#efbb97",
        "colorFaintDark": "#402419",
        "colorFaintSat": "#4f4025",
        "colorHiddenLight": "#f0d3bc",
        "colorHiddenDark": "#2a1d1a",
        "colorHiddenSat": "#3c3c28",
        "colorFollowDark": "#964113"
      },
      "geometry": {
        "type": "Point",
        "coordinates": [
          120.615967,
          24.112484
        ]
      }
    },
    {
      "type": "Feature",
      "properties": {
        "sys": "thsr_sched",
        "lineId": "THSR",
        "lineKey": "thsr_sched|THSR",
        "name": "彰化",
        "color": "#E85D0D",
        "colorDark": "#663116",
        "colorFaintLight": "#efbb97",
        "colorFaintDark": "#402419",
        "colorFaintSat": "#4f4025",
        "colorHiddenLight": "#f0d3bc",
        "colorHiddenDark": "#2a1d1a",
        "colorHiddenSat": "#3c3c28",
        "colorFollowDark": "#964113"
      },
      "geometry": {
        "type": "Point",
        "coordinates": [
          120.574608,
          23.874327
        ]
      }
    },
    {
      "type": "Feature",
      "properties": {
        "sys": "thsr_sched",
        "lineId": "THSR",
        "lineKey": "thsr_sched|THSR",
        "name": "雲林",
        "color": "#E85D0D",
        "colorDark": "#663116",
        "colorFaintLight": "#efbb97",
        "colorFaintDark": "#402419",
        "colorFaintSat": "#4f4025",
        "colorHiddenLight": "#f0d3bc",
        "colorHiddenDark": "#2a1d1a",
        "colorHiddenSat": "#3c3c28",
        "colorFollowDark": "#964113"
      },
      "geometry": {
        "type": "Point",
        "coordinates": [
          120.416512,
          23.736231
        ]
      }
    },
    {
      "type": "Feature",
      "properties": {
        "sys": "thsr_sched",
        "lineId": "THSR",
        "lineKey": "thsr_sched|THSR",
        "name": "嘉義",
        "color": "#E85D0D",
        "colorDark": "#663116",
        "colorFaintLight": "#efbb97",
        "colorFaintDark": "#402419",
        "colorFaintSat": "#4f4025",
        "colorHiddenLight": "#f0d3bc",
        "colorHiddenDark": "#2a1d1a",
        "colorHiddenSat": "#3c3c28",
        "colorFollowDark": "#964113"
      },
      "geometry": {
        "type": "Point",
        "coordinates": [
          120.323257,
          23.459507
        ]
      }
    },
    {
      "type": "Feature",
      "properties": {
        "sys": "thsr_sched",
        "lineId": "THSR",
        "lineKey": "thsr_sched|THSR",
        "name": "台南",
        "color": "#E85D0D",
        "colorDark": "#663116",
        "colorFaintLight": "#efbb97",
        "colorFaintDark": "#402419",
        "colorFaintSat": "#4f4025",
        "colorHiddenLight": "#f0d3bc",
        "colorHiddenDark": "#2a1d1a",
        "colorHiddenSat": "#3c3c28",
        "colorFollowDark": "#964113"
      },
      "geometry": {
        "type": "Point",
        "coordinates": [
          120.286201,
          22.925077
        ]
      }
    },
    {
      "type": "Feature",
      "properties": {
        "sys": "thsr_sched",
        "lineId": "THSR",
        "lineKey": "thsr_sched|THSR",
        "name": "左營",
        "color": "#E85D0D",
        "colorDark": "#663116",
        "colorFaintLight": "#efbb97",
        "colorFaintDark": "#402419",
        "colorFaintSat": "#4f4025",
        "colorHiddenLight": "#f0d3bc",
        "colorHiddenDark": "#2a1d1a",
        "colorHiddenSat": "#3c3c28",
        "colorFollowDark": "#964113"
      },
      "geometry": {
        "type": "Point",
        "coordinates": [
          120.307487,
          22.687391
        ]
      }
    },
    {
      "type": "Feature",
      "properties": {
        "sys": "afr_sched",
        "lineId": "AFR_MAIN",
        "lineKey": "afr_sched|AFR_MAIN",
        "name": "嘉義",
        "color": "#B03A2E",
        "colorDark": "#502323",
        "colorFaintLight": "#dbaea3",
        "colorFaintDark": "#331c20",
        "colorFaintSat": "#43382c",
        "colorHiddenLight": "#e6cdc2",
        "colorHiddenDark": "#23191e",
        "colorHiddenSat": "#35382c",
        "colorFollowDark": "#732c27"
      },
      "geometry": {
        "type": "Point",
        "coordinates": [
          120.4412,
          23.479
        ]
      }
    },
    {
      "type": "Feature",
      "properties": {
        "sys": "afr_sched",
        "lineId": "AFR_MAIN",
        "lineKey": "afr_sched|AFR_MAIN",
        "name": "北門",
        "color": "#B03A2E",
        "colorDark": "#502323",
        "colorFaintLight": "#dbaea3",
        "colorFaintDark": "#331c20",
        "colorFaintSat": "#43382c",
        "colorHiddenLight": "#e6cdc2",
        "colorHiddenDark": "#23191e",
        "colorHiddenSat": "#35382c",
        "colorFollowDark": "#732c27"
      },
      "geometry": {
        "type": "Point",
        "coordinates": [
          120.4542,
          23.488
        ]
      }
    },
    {
      "type": "Feature",
      "properties": {
        "sys": "afr_sched",
        "lineId": "AFR_MAIN",
        "lineKey": "afr_sched|AFR_MAIN",
        "name": "鹿麻產",
        "color": "#B03A2E",
        "colorDark": "#502323",
        "colorFaintLight": "#dbaea3",
        "colorFaintDark": "#331c20",
        "colorFaintSat": "#43382c",
        "colorHiddenLight": "#e6cdc2",
        "colorHiddenDark": "#23191e",
        "colorHiddenSat": "#35382c",
        "colorFollowDark": "#732c27"
      },
      "geometry": {
        "type": "Point",
        "coordinates": [
          120.5315,
          23.5042
        ]
      }
    },
    {
      "type": "Feature",
      "properties": {
        "sys": "afr_sched",
        "lineId": "AFR_MAIN",
        "lineKey": "afr_sched|AFR_MAIN",
        "name": "竹崎",
        "color": "#B03A2E",
        "colorDark": "#502323",
        "colorFaintLight": "#dbaea3",
        "colorFaintDark": "#331c20",
        "colorFaintSat": "#43382c",
        "colorHiddenLight": "#e6cdc2",
        "colorHiddenDark": "#23191e",
        "colorHiddenSat": "#35382c",
        "colorFollowDark": "#732c27"
      },
      "geometry": {
        "type": "Point",
        "coordinates": [
          120.5535,
          23.5258
        ]
      }
    },
    {
      "type": "Feature",
      "properties": {
        "sys": "afr_sched",
        "lineId": "AFR_MAIN",
        "lineKey": "afr_sched|AFR_MAIN",
        "name": "樟腦寮",
        "color": "#B03A2E",
        "colorDark": "#502323",
        "colorFaintLight": "#dbaea3",
        "colorFaintDark": "#331c20",
        "colorFaintSat": "#43382c",
        "colorHiddenLight": "#e6cdc2",
        "colorHiddenDark": "#23191e",
        "colorHiddenSat": "#35382c",
        "colorFollowDark": "#732c27"
      },
      "geometry": {
        "type": "Point",
        "coordinates": [
          120.6025,
          23.5329
        ]
      }
    },
    {
      "type": "Feature",
      "properties": {
        "sys": "afr_sched",
        "lineId": "AFR_MAIN",
        "lineKey": "afr_sched|AFR_MAIN",
        "name": "獨立山",
        "color": "#B03A2E",
        "colorDark": "#502323",
        "colorFaintLight": "#dbaea3",
        "colorFaintDark": "#331c20",
        "colorFaintSat": "#43382c",
        "colorHiddenLight": "#e6cdc2",
        "colorHiddenDark": "#23191e",
        "colorHiddenSat": "#35382c",
        "colorFollowDark": "#732c27"
      },
      "geometry": {
        "type": "Point",
        "coordinates": [
          120.6074,
          23.5385
        ]
      }
    },
    {
      "type": "Feature",
      "properties": {
        "sys": "afr_sched",
        "lineId": "AFR_MAIN",
        "lineKey": "afr_sched|AFR_MAIN",
        "name": "梨園寮",
        "color": "#B03A2E",
        "colorDark": "#502323",
        "colorFaintLight": "#dbaea3",
        "colorFaintDark": "#331c20",
        "colorFaintSat": "#43382c",
        "colorHiddenLight": "#e6cdc2",
        "colorHiddenDark": "#23191e",
        "colorHiddenSat": "#35382c",
        "colorFollowDark": "#732c27"
      },
      "geometry": {
        "type": "Point",
        "coordinates": [
          120.62,
          23.5423
        ]
      }
    },
    {
      "type": "Feature",
      "properties": {
        "sys": "afr_sched",
        "lineId": "AFR_MAIN",
        "lineKey": "afr_sched|AFR_MAIN",
        "name": "交力坪",
        "color": "#B03A2E",
        "colorDark": "#502323",
        "colorFaintLight": "#dbaea3",
        "colorFaintDark": "#331c20",
        "colorFaintSat": "#43382c",
        "colorHiddenLight": "#e6cdc2",
        "colorHiddenDark": "#23191e",
        "colorHiddenSat": "#35382c",
        "colorFollowDark": "#732c27"
      },
      "geometry": {
        "type": "Point",
        "coordinates": [
          120.6438,
          23.5314
        ]
      }
    },
    {
      "type": "Feature",
      "properties": {
        "sys": "afr_sched",
        "lineId": "AFR_MAIN",
        "lineKey": "afr_sched|AFR_MAIN",
        "name": "水社寮",
        "color": "#B03A2E",
        "colorDark": "#502323",
        "colorFaintLight": "#dbaea3",
        "colorFaintDark": "#331c20",
        "colorFaintSat": "#43382c",
        "colorHiddenLight": "#e6cdc2",
        "colorHiddenDark": "#23191e",
        "colorHiddenSat": "#35382c",
        "colorFollowDark": "#732c27"
      },
      "geometry": {
        "type": "Point",
        "coordinates": [
          120.6596,
          23.5044
        ]
      }
    },
    {
      "type": "Feature",
      "properties": {
        "sys": "afr_sched",
        "lineId": "AFR_MAIN",
        "lineKey": "afr_sched|AFR_MAIN",
        "name": "奮起湖",
        "color": "#B03A2E",
        "colorDark": "#502323",
        "colorFaintLight": "#dbaea3",
        "colorFaintDark": "#331c20",
        "colorFaintSat": "#43382c",
        "colorHiddenLight": "#e6cdc2",
        "colorHiddenDark": "#23191e",
        "colorHiddenSat": "#35382c",
        "colorFollowDark": "#732c27"
      },
      "geometry": {
        "type": "Point",
        "coordinates": [
          120.6951,
          23.5053
        ]
      }
    },
    {
      "type": "Feature",
      "properties": {
        "sys": "afr_sched",
        "lineId": "AFR_MAIN",
        "lineKey": "afr_sched|AFR_MAIN",
        "name": "多林",
        "color": "#B03A2E",
        "colorDark": "#502323",
        "colorFaintLight": "#dbaea3",
        "colorFaintDark": "#331c20",
        "colorFaintSat": "#43382c",
        "colorHiddenLight": "#e6cdc2",
        "colorHiddenDark": "#23191e",
        "colorHiddenSat": "#35382c",
        "colorFollowDark": "#732c27"
      },
      "geometry": {
        "type": "Point",
        "coordinates": [
          120.7305,
          23.4987
        ]
      }
    },
    {
      "type": "Feature",
      "properties": {
        "sys": "afr_sched",
        "lineId": "AFR_MAIN",
        "lineKey": "afr_sched|AFR_MAIN",
        "name": "十字路",
        "color": "#B03A2E",
        "colorDark": "#502323",
        "colorFaintLight": "#dbaea3",
        "colorFaintDark": "#331c20",
        "colorFaintSat": "#43382c",
        "colorHiddenLight": "#e6cdc2",
        "colorHiddenDark": "#23191e",
        "colorHiddenSat": "#35382c",
        "colorFollowDark": "#732c27"
      },
      "geometry": {
        "type": "Point",
        "coordinates": [
          120.7539,
          23.4928
        ]
      }
    },
    {
      "type": "Feature",
      "properties": {
        "sys": "afr_sched",
        "lineId": "AFR_MAIN",
        "lineKey": "afr_sched|AFR_MAIN",
        "name": "屏遮那",
        "color": "#B03A2E",
        "colorDark": "#502323",
        "colorFaintLight": "#dbaea3",
        "colorFaintDark": "#331c20",
        "colorFaintSat": "#43382c",
        "colorHiddenLight": "#e6cdc2",
        "colorHiddenDark": "#23191e",
        "colorHiddenSat": "#35382c",
        "colorFollowDark": "#732c27"
      },
      "geometry": {
        "type": "Point",
        "coordinates": [
          120.7793,
          23.5106
        ]
      }
    },
    {
      "type": "Feature",
      "properties": {
        "sys": "afr_sched",
        "lineId": "AFR_MAIN",
        "lineKey": "afr_sched|AFR_MAIN",
        "name": "第一分道",
        "color": "#B03A2E",
        "colorDark": "#502323",
        "colorFaintLight": "#dbaea3",
        "colorFaintDark": "#331c20",
        "colorFaintSat": "#43382c",
        "colorHiddenLight": "#e6cdc2",
        "colorHiddenDark": "#23191e",
        "colorHiddenSat": "#35382c",
        "colorFollowDark": "#732c27"
      },
      "geometry": {
        "type": "Point",
        "coordinates": [
          120.7943,
          23.5207
        ]
      }
    },
    {
      "type": "Feature",
      "properties": {
        "sys": "afr_sched",
        "lineId": "AFR_MAIN",
        "lineKey": "afr_sched|AFR_MAIN",
        "name": "第二分道",
        "color": "#B03A2E",
        "colorDark": "#502323",
        "colorFaintLight": "#dbaea3",
        "colorFaintDark": "#331c20",
        "colorFaintSat": "#43382c",
        "colorHiddenLight": "#e6cdc2",
        "colorHiddenDark": "#23191e",
        "colorHiddenSat": "#35382c",
        "colorFollowDark": "#732c27"
      },
      "geometry": {
        "type": "Point",
        "coordinates": [
          120.7909,
          23.514
        ]
      }
    },
    {
      "type": "Feature",
      "properties": {
        "sys": "afr_sched",
        "lineId": "AFR_MAIN",
        "lineKey": "afr_sched|AFR_MAIN",
        "name": "二萬平",
        "color": "#B03A2E",
        "colorDark": "#502323",
        "colorFaintLight": "#dbaea3",
        "colorFaintDark": "#331c20",
        "colorFaintSat": "#43382c",
        "colorHiddenLight": "#e6cdc2",
        "colorHiddenDark": "#23191e",
        "colorHiddenSat": "#35382c",
        "colorFollowDark": "#732c27"
      },
      "geometry": {
        "type": "Point",
        "coordinates": [
          120.7902,
          23.5089
        ]
      }
    },
    {
      "type": "Feature",
      "properties": {
        "sys": "afr_sched",
        "lineId": "AFR_MAIN",
        "lineKey": "afr_sched|AFR_MAIN",
        "name": "神木",
        "color": "#B03A2E",
        "colorDark": "#502323",
        "colorFaintLight": "#dbaea3",
        "colorFaintDark": "#331c20",
        "colorFaintSat": "#43382c",
        "colorHiddenLight": "#e6cdc2",
        "colorHiddenDark": "#23191e",
        "colorHiddenSat": "#35382c",
        "colorFollowDark": "#732c27"
      },
      "geometry": {
        "type": "Point",
        "coordinates": [
          120.8064,
          23.5191
        ]
      }
    },
    {
      "type": "Feature",
      "properties": {
        "sys": "afr_sched",
        "lineId": "AFR_ZHUSHAN",
        "lineKey": "afr_sched|AFR_ZHUSHAN",
        "name": "阿里山",
        "color": "#E0A458",
        "colorDark": "#634e34",
        "colorFaintLight": "#ecd3b2",
        "colorFaintDark": "#3e3429",
        "colorFaintSat": "#4d5036",
        "colorHiddenLight": "#efe0c9",
        "colorHiddenDark": "#292523",
        "colorHiddenSat": "#3b4531",
        "colorFollowDark": "#916d41"
      },
      "geometry": {
        "type": "Point",
        "coordinates": [
          120.8042,
          23.5099
        ]
      }
    },
    {
      "type": "Feature",
      "properties": {
        "sys": "afr_sched",
        "lineId": "AFR_ZHUSHAN",
        "lineKey": "afr_sched|AFR_ZHUSHAN",
        "name": "對高岳",
        "color": "#E0A458",
        "colorDark": "#634e34",
        "colorFaintLight": "#ecd3b2",
        "colorFaintDark": "#3e3429",
        "colorFaintSat": "#4d5036",
        "colorHiddenLight": "#efe0c9",
        "colorHiddenDark": "#292523",
        "colorHiddenSat": "#3b4531",
        "colorFollowDark": "#916d41"
      },
      "geometry": {
        "type": "Point",
        "coordinates": [
          120.82,
          23.5173
        ]
      }
    },
    {
      "type": "Feature",
      "properties": {
        "sys": "afr_sched",
        "lineId": "AFR_ZHUSHAN",
        "lineKey": "afr_sched|AFR_ZHUSHAN",
        "name": "祝山",
        "color": "#E0A458",
        "colorDark": "#634e34",
        "colorFaintLight": "#ecd3b2",
        "colorFaintDark": "#3e3429",
        "colorFaintSat": "#4d5036",
        "colorHiddenLight": "#efe0c9",
        "colorHiddenDark": "#292523",
        "colorHiddenSat": "#3b4531",
        "colorFollowDark": "#916d41"
      },
      "geometry": {
        "type": "Point",
        "coordinates": [
          120.8231,
          23.5102
        ]
      }
    },
    {
      "type": "Feature",
      "properties": {
        "sys": "afr_sched",
        "lineId": "AFR_SHENMU",
        "lineKey": "afr_sched|AFR_SHENMU",
        "name": "神木",
        "color": "#CB6A4A",
        "colorDark": "#5b362e",
        "colorFaintLight": "#e4bfad",
        "colorFaintDark": "#392726",
        "colorFaintSat": "#494333",
        "colorHiddenLight": "#ebd5c7",
        "colorHiddenDark": "#261e22",
        "colorHiddenSat": "#383e30",
        "colorFollowDark": "#844939"
      },
      "geometry": {
        "type": "Point",
        "coordinates": [
          120.8064,
          23.5191
        ]
      }
    },
    {
      "type": "Feature",
      "properties": {
        "sys": "afr_sched",
        "lineId": "AFR_SHENMU",
        "lineKey": "afr_sched|AFR_SHENMU",
        "name": "阿里山",
        "color": "#CB6A4A",
        "colorDark": "#5b362e",
        "colorFaintLight": "#e4bfad",
        "colorFaintDark": "#392726",
        "colorFaintSat": "#494333",
        "colorHiddenLight": "#ebd5c7",
        "colorHiddenDark": "#261e22",
        "colorHiddenSat": "#383e30",
        "colorFollowDark": "#844939"
      },
      "geometry": {
        "type": "Point",
        "coordinates": [
          120.8042,
          23.5099
        ]
      }
    },
    {
      "type": "Feature",
      "properties": {
        "sys": "afr_sched",
        "lineId": "AFR_ZHAOPING",
        "lineKey": "afr_sched|AFR_ZHAOPING",
        "name": "阿里山",
        "color": "#D98A5F",
        "colorDark": "#604337",
        "colorFaintLight": "#e9cab4",
        "colorFaintDark": "#3c2e2b",
        "colorFaintSat": "#4c4a37",
        "colorHiddenLight": "#eedbca",
        "colorHiddenDark": "#282224",
        "colorHiddenSat": "#3a4232",
        "colorFollowDark": "#8d5d46"
      },
      "geometry": {
        "type": "Point",
        "coordinates": [
          120.8042,
          23.5099
        ]
      }
    },
    {
      "type": "Feature",
      "properties": {
        "sys": "afr_sched",
        "lineId": "AFR_ZHAOPING",
        "lineKey": "afr_sched|AFR_ZHAOPING",
        "name": "沼平",
        "color": "#D98A5F",
        "colorDark": "#604337",
        "colorFaintLight": "#e9cab4",
        "colorFaintDark": "#3c2e2b",
        "colorFaintSat": "#4c4a37",
        "colorHiddenLight": "#eedbca",
        "colorHiddenDark": "#282224",
        "colorHiddenSat": "#3a4232",
        "colorFollowDark": "#8d5d46"
      },
      "geometry": {
        "type": "Point",
        "coordinates": [
          120.8138,
          23.5144
        ]
      }
    },
    {
      "type": "Feature",
      "properties": {
        "sys": "mrt",
        "lineId": "BR",
        "lineKey": "mrt|BR",
        "name": "動物園",
        "color": "#C48C31",
        "colorDark": "#584424",
        "colorFaintLight": "#e2cba4",
        "colorFaintDark": "#382e21",
        "colorFaintSat": "#474a2d",
        "colorHiddenLight": "#eadcc2",
        "colorHiddenDark": "#26221f",
        "colorHiddenSat": "#37422d",
        "colorFollowDark": "#805e29"
      },
      "geometry": {
        "type": "Point",
        "coordinates": [
          121.579501,
          24.998205
        ]
      }
    },
    {
      "type": "Feature",
      "properties": {
        "sys": "mrt",
        "lineId": "BR",
        "lineKey": "mrt|BR",
        "name": "木柵",
        "color": "#C48C31",
        "colorDark": "#584424",
        "colorFaintLight": "#e2cba4",
        "colorFaintDark": "#382e21",
        "colorFaintSat": "#474a2d",
        "colorHiddenLight": "#eadcc2",
        "colorHiddenDark": "#26221f",
        "colorHiddenSat": "#37422d",
        "colorFollowDark": "#805e29"
      },
      "geometry": {
        "type": "Point",
        "coordinates": [
          121.573127,
          24.99824
        ]
      }
    },
    {
      "type": "Feature",
      "properties": {
        "sys": "mrt",
        "lineId": "BR",
        "lineKey": "mrt|BR",
        "name": "萬芳社區",
        "color": "#C48C31",
        "colorDark": "#584424",
        "colorFaintLight": "#e2cba4",
        "colorFaintDark": "#382e21",
        "colorFaintSat": "#474a2d",
        "colorHiddenLight": "#eadcc2",
        "colorHiddenDark": "#26221f",
        "colorHiddenSat": "#37422d",
        "colorFollowDark": "#805e29"
      },
      "geometry": {
        "type": "Point",
        "coordinates": [
          121.568088,
          24.99857
        ]
      }
    },
    {
      "type": "Feature",
      "properties": {
        "sys": "mrt",
        "lineId": "BR",
        "lineKey": "mrt|BR",
        "name": "萬芳醫院",
        "color": "#C48C31",
        "colorDark": "#584424",
        "colorFaintLight": "#e2cba4",
        "colorFaintDark": "#382e21",
        "colorFaintSat": "#474a2d",
        "colorHiddenLight": "#eadcc2",
        "colorHiddenDark": "#26221f",
        "colorHiddenSat": "#37422d",
        "colorFollowDark": "#805e29"
      },
      "geometry": {
        "type": "Point",
        "coordinates": [
          121.558092,
          24.99932
        ]
      }
    },
    {
      "type": "Feature",
      "properties": {
        "sys": "mrt",
        "lineId": "BR",
        "lineKey": "mrt|BR",
        "name": "辛亥",
        "color": "#C48C31",
        "colorDark": "#584424",
        "colorFaintLight": "#e2cba4",
        "colorFaintDark": "#382e21",
        "colorFaintSat": "#474a2d",
        "colorHiddenLight": "#eadcc2",
        "colorHiddenDark": "#26221f",
        "colorHiddenSat": "#37422d",
        "colorFollowDark": "#805e29"
      },
      "geometry": {
        "type": "Point",
        "coordinates": [
          121.557046,
          25.005455
        ]
      }
    },
    {
      "type": "Feature",
      "properties": {
        "sys": "mrt",
        "lineId": "BR",
        "lineKey": "mrt|BR",
        "name": "麟光",
        "color": "#C48C31",
        "colorDark": "#584424",
        "colorFaintLight": "#e2cba4",
        "colorFaintDark": "#382e21",
        "colorFaintSat": "#474a2d",
        "colorHiddenLight": "#eadcc2",
        "colorHiddenDark": "#26221f",
        "colorHiddenSat": "#37422d",
        "colorFollowDark": "#805e29"
      },
      "geometry": {
        "type": "Point",
        "coordinates": [
          121.558834,
          25.018495
        ]
      }
    },
    {
      "type": "Feature",
      "properties": {
        "sys": "mrt",
        "lineId": "BR",
        "lineKey": "mrt|BR",
        "name": "六張犁",
        "color": "#C48C31",
        "colorDark": "#584424",
        "colorFaintLight": "#e2cba4",
        "colorFaintDark": "#382e21",
        "colorFaintSat": "#474a2d",
        "colorHiddenLight": "#eadcc2",
        "colorHiddenDark": "#26221f",
        "colorHiddenSat": "#37422d",
        "colorFollowDark": "#805e29"
      },
      "geometry": {
        "type": "Point",
        "coordinates": [
          121.55302,
          25.02381
        ]
      }
    },
    {
      "type": "Feature",
      "properties": {
        "sys": "mrt",
        "lineId": "BR",
        "lineKey": "mrt|BR",
        "name": "科技大樓",
        "color": "#C48C31",
        "colorDark": "#584424",
        "colorFaintLight": "#e2cba4",
        "colorFaintDark": "#382e21",
        "colorFaintSat": "#474a2d",
        "colorHiddenLight": "#eadcc2",
        "colorHiddenDark": "#26221f",
        "colorHiddenSat": "#37422d",
        "colorFollowDark": "#805e29"
      },
      "geometry": {
        "type": "Point",
        "coordinates": [
          121.543462,
          25.02612
        ]
      }
    },
    {
      "type": "Feature",
      "properties": {
        "sys": "mrt",
        "lineId": "BR",
        "lineKey": "mrt|BR",
        "name": "大安",
        "color": "#C48C31",
        "colorDark": "#584424",
        "colorFaintLight": "#e2cba4",
        "colorFaintDark": "#382e21",
        "colorFaintSat": "#474a2d",
        "colorHiddenLight": "#eadcc2",
        "colorHiddenDark": "#26221f",
        "colorHiddenSat": "#37422d",
        "colorFollowDark": "#805e29"
      },
      "geometry": {
        "type": "Point",
        "coordinates": [
          121.54237,
          25.033311
        ]
      }
    },
    {
      "type": "Feature",
      "properties": {
        "sys": "mrt",
        "lineId": "BR",
        "lineKey": "mrt|BR",
        "name": "忠孝復興",
        "color": "#C48C31",
        "colorDark": "#584424",
        "colorFaintLight": "#e2cba4",
        "colorFaintDark": "#382e21",
        "colorFaintSat": "#474a2d",
        "colorHiddenLight": "#eadcc2",
        "colorHiddenDark": "#26221f",
        "colorHiddenSat": "#37422d",
        "colorFollowDark": "#805e29"
      },
      "geometry": {
        "type": "Point",
        "coordinates": [
          121.543703,
          25.041104
        ]
      }
    },
    {
      "type": "Feature",
      "properties": {
        "sys": "mrt",
        "lineId": "BR",
        "lineKey": "mrt|BR",
        "name": "南京復興",
        "color": "#C48C31",
        "colorDark": "#584424",
        "colorFaintLight": "#e2cba4",
        "colorFaintDark": "#382e21",
        "colorFaintSat": "#474a2d",
        "colorHiddenLight": "#eadcc2",
        "colorHiddenDark": "#26221f",
        "colorHiddenSat": "#37422d",
        "colorFollowDark": "#805e29"
      },
      "geometry": {
        "type": "Point",
        "coordinates": [
          121.544303,
          25.052044
        ]
      }
    },
    {
      "type": "Feature",
      "properties": {
        "sys": "mrt",
        "lineId": "BR",
        "lineKey": "mrt|BR",
        "name": "中山國中",
        "color": "#C48C31",
        "colorDark": "#584424",
        "colorFaintLight": "#e2cba4",
        "colorFaintDark": "#382e21",
        "colorFaintSat": "#474a2d",
        "colorHiddenLight": "#eadcc2",
        "colorHiddenDark": "#26221f",
        "colorHiddenSat": "#37422d",
        "colorFollowDark": "#805e29"
      },
      "geometry": {
        "type": "Point",
        "coordinates": [
          121.544215,
          25.06085
        ]
      }
    },
    {
      "type": "Feature",
      "properties": {
        "sys": "mrt",
        "lineId": "BR",
        "lineKey": "mrt|BR",
        "name": "松山機場",
        "color": "#C48C31",
        "colorDark": "#584424",
        "colorFaintLight": "#e2cba4",
        "colorFaintDark": "#382e21",
        "colorFaintSat": "#474a2d",
        "colorHiddenLight": "#eadcc2",
        "colorHiddenDark": "#26221f",
        "colorHiddenSat": "#37422d",
        "colorFollowDark": "#805e29"
      },
      "geometry": {
        "type": "Point",
        "coordinates": [
          121.55162,
          25.063111
        ]
      }
    },
    {
      "type": "Feature",
      "properties": {
        "sys": "mrt",
        "lineId": "BR",
        "lineKey": "mrt|BR",
        "name": "大直",
        "color": "#C48C31",
        "colorDark": "#584424",
        "colorFaintLight": "#e2cba4",
        "colorFaintDark": "#382e21",
        "colorFaintSat": "#474a2d",
        "colorHiddenLight": "#eadcc2",
        "colorHiddenDark": "#26221f",
        "colorHiddenSat": "#37422d",
        "colorFollowDark": "#805e29"
      },
      "geometry": {
        "type": "Point",
        "coordinates": [
          121.54679,
          25.07943
        ]
      }
    },
    {
      "type": "Feature",
      "properties": {
        "sys": "mrt",
        "lineId": "BR",
        "lineKey": "mrt|BR",
        "name": "劍南路",
        "color": "#C48C31",
        "colorDark": "#584424",
        "colorFaintLight": "#e2cba4",
        "colorFaintDark": "#382e21",
        "colorFaintSat": "#474a2d",
        "colorHiddenLight": "#eadcc2",
        "colorHiddenDark": "#26221f",
        "colorHiddenSat": "#37422d",
        "colorFollowDark": "#805e29"
      },
      "geometry": {
        "type": "Point",
        "coordinates": [
          121.555582,
          25.08483
        ]
      }
    },
    {
      "type": "Feature",
      "properties": {
        "sys": "mrt",
        "lineId": "BR",
        "lineKey": "mrt|BR",
        "name": "西湖",
        "color": "#C48C31",
        "colorDark": "#584424",
        "colorFaintLight": "#e2cba4",
        "colorFaintDark": "#382e21",
        "colorFaintSat": "#474a2d",
        "colorHiddenLight": "#eadcc2",
        "colorHiddenDark": "#26221f",
        "colorHiddenSat": "#37422d",
        "colorFollowDark": "#805e29"
      },
      "geometry": {
        "type": "Point",
        "coordinates": [
          121.567227,
          25.08216
        ]
      }
    },
    {
      "type": "Feature",
      "properties": {
        "sys": "mrt",
        "lineId": "BR",
        "lineKey": "mrt|BR",
        "name": "港墘",
        "color": "#C48C31",
        "colorDark": "#584424",
        "colorFaintLight": "#e2cba4",
        "colorFaintDark": "#382e21",
        "colorFaintSat": "#474a2d",
        "colorHiddenLight": "#eadcc2",
        "colorHiddenDark": "#26221f",
        "colorHiddenSat": "#37422d",
        "colorFollowDark": "#805e29"
      },
      "geometry": {
        "type": "Point",
        "coordinates": [
          121.57516,
          25.08007
        ]
      }
    },
    {
      "type": "Feature",
      "properties": {
        "sys": "mrt",
        "lineId": "BR",
        "lineKey": "mrt|BR",
        "name": "文德",
        "color": "#C48C31",
        "colorDark": "#584424",
        "colorFaintLight": "#e2cba4",
        "colorFaintDark": "#382e21",
        "colorFaintSat": "#474a2d",
        "colorHiddenLight": "#eadcc2",
        "colorHiddenDark": "#26221f",
        "colorHiddenSat": "#37422d",
        "colorFollowDark": "#805e29"
      },
      "geometry": {
        "type": "Point",
        "coordinates": [
          121.584973,
          25.078567
        ]
      }
    },
    {
      "type": "Feature",
      "properties": {
        "sys": "mrt",
        "lineId": "BR",
        "lineKey": "mrt|BR",
        "name": "內湖",
        "color": "#C48C31",
        "colorDark": "#584424",
        "colorFaintLight": "#e2cba4",
        "colorFaintDark": "#382e21",
        "colorFaintSat": "#474a2d",
        "colorHiddenLight": "#eadcc2",
        "colorHiddenDark": "#26221f",
        "colorHiddenSat": "#37422d",
        "colorFollowDark": "#805e29"
      },
      "geometry": {
        "type": "Point",
        "coordinates": [
          121.594363,
          25.083675
        ]
      }
    },
    {
      "type": "Feature",
      "properties": {
        "sys": "mrt",
        "lineId": "BR",
        "lineKey": "mrt|BR",
        "name": "大湖公園",
        "color": "#C48C31",
        "colorDark": "#584424",
        "colorFaintLight": "#e2cba4",
        "colorFaintDark": "#382e21",
        "colorFaintSat": "#474a2d",
        "colorHiddenLight": "#eadcc2",
        "colorHiddenDark": "#26221f",
        "colorHiddenSat": "#37422d",
        "colorFollowDark": "#805e29"
      },
      "geometry": {
        "type": "Point",
        "coordinates": [
          121.602214,
          25.083805
        ]
      }
    },
    {
      "type": "Feature",
      "properties": {
        "sys": "mrt",
        "lineId": "BR",
        "lineKey": "mrt|BR",
        "name": "葫洲",
        "color": "#C48C31",
        "colorDark": "#584424",
        "colorFaintLight": "#e2cba4",
        "colorFaintDark": "#382e21",
        "colorFaintSat": "#474a2d",
        "colorHiddenLight": "#eadcc2",
        "colorHiddenDark": "#26221f",
        "colorHiddenSat": "#37422d",
        "colorFollowDark": "#805e29"
      },
      "geometry": {
        "type": "Point",
        "coordinates": [
          121.607146,
          25.07271
        ]
      }
    },
    {
      "type": "Feature",
      "properties": {
        "sys": "mrt",
        "lineId": "BR",
        "lineKey": "mrt|BR",
        "name": "東湖",
        "color": "#C48C31",
        "colorDark": "#584424",
        "colorFaintLight": "#e2cba4",
        "colorFaintDark": "#382e21",
        "colorFaintSat": "#474a2d",
        "colorHiddenLight": "#eadcc2",
        "colorHiddenDark": "#26221f",
        "colorHiddenSat": "#37422d",
        "colorFollowDark": "#805e29"
      },
      "geometry": {
        "type": "Point",
        "coordinates": [
          121.611535,
          25.067455
        ]
      }
    },
    {
      "type": "Feature",
      "properties": {
        "sys": "mrt",
        "lineId": "BR",
        "lineKey": "mrt|BR",
        "name": "南港軟體園區",
        "color": "#C48C31",
        "colorDark": "#584424",
        "colorFaintLight": "#e2cba4",
        "colorFaintDark": "#382e21",
        "colorFaintSat": "#474a2d",
        "colorHiddenLight": "#eadcc2",
        "colorHiddenDark": "#26221f",
        "colorHiddenSat": "#37422d",
        "colorFollowDark": "#805e29"
      },
      "geometry": {
        "type": "Point",
        "coordinates": [
          121.61586,
          25.059911
        ]
      }
    },
    {
      "type": "Feature",
      "properties": {
        "sys": "mrt",
        "lineId": "BR",
        "lineKey": "mrt|BR",
        "name": "南港展覽館",
        "color": "#C48C31",
        "colorDark": "#584424",
        "colorFaintLight": "#e2cba4",
        "colorFaintDark": "#382e21",
        "colorFaintSat": "#474a2d",
        "colorHiddenLight": "#eadcc2",
        "colorHiddenDark": "#26221f",
        "colorHiddenSat": "#37422d",
        "colorFollowDark": "#805e29"
      },
      "geometry": {
        "type": "Point",
        "coordinates": [
          121.616861,
          25.054919
        ]
      }
    },
    {
      "type": "Feature",
      "properties": {
        "sys": "mrt",
        "lineId": "R",
        "lineKey": "mrt|R",
        "name": "廣慈/奉天宮",
        "color": "#E3002C",
        "colorDark": "#640c22",
        "colorFaintLight": "#ed9aa2",
        "colorFaintDark": "#3e1020",
        "colorFaintSat": "#4e2c2c",
        "colorHiddenLight": "#efc2c1",
        "colorHiddenDark": "#29121e",
        "colorHiddenSat": "#3b312c",
        "colorFollowDark": "#930826"
      },
      "geometry": {
        "type": "Point",
        "coordinates": [
          121.583163,
          25.037723
        ]
      }
    },
    {
      "type": "Feature",
      "properties": {
        "sys": "mrt",
        "lineId": "R",
        "lineKey": "mrt|R",
        "name": "象山",
        "color": "#E3002C",
        "colorDark": "#640c22",
        "colorFaintLight": "#ed9aa2",
        "colorFaintDark": "#3e1020",
        "colorFaintSat": "#4e2c2c",
        "colorHiddenLight": "#efc2c1",
        "colorHiddenDark": "#29121e",
        "colorHiddenSat": "#3b312c",
        "colorFollowDark": "#930826"
      },
      "geometry": {
        "type": "Point",
        "coordinates": [
          121.57008,
          25.032816
        ]
      }
    },
    {
      "type": "Feature",
      "properties": {
        "sys": "mrt",
        "lineId": "R",
        "lineKey": "mrt|R",
        "name": "台北101/世貿",
        "color": "#E3002C",
        "colorDark": "#640c22",
        "colorFaintLight": "#ed9aa2",
        "colorFaintDark": "#3e1020",
        "colorFaintSat": "#4e2c2c",
        "colorHiddenLight": "#efc2c1",
        "colorHiddenDark": "#29121e",
        "colorHiddenSat": "#3b312c",
        "colorFollowDark": "#930826"
      },
      "geometry": {
        "type": "Point",
        "coordinates": [
          121.562755,
          25.033028
        ]
      }
    },
    {
      "type": "Feature",
      "properties": {
        "sys": "mrt",
        "lineId": "R",
        "lineKey": "mrt|R",
        "name": "信義安和",
        "color": "#E3002C",
        "colorDark": "#640c22",
        "colorFaintLight": "#ed9aa2",
        "colorFaintDark": "#3e1020",
        "colorFaintSat": "#4e2c2c",
        "colorHiddenLight": "#efc2c1",
        "colorHiddenDark": "#29121e",
        "colorHiddenSat": "#3b312c",
        "colorFollowDark": "#930826"
      },
      "geometry": {
        "type": "Point",
        "coordinates": [
          121.55265,
          25.03331
        ]
      }
    },
    {
      "type": "Feature",
      "properties": {
        "sys": "mrt",
        "lineId": "R",
        "lineKey": "mrt|R",
        "name": "大安",
        "color": "#E3002C",
        "colorDark": "#640c22",
        "colorFaintLight": "#ed9aa2",
        "colorFaintDark": "#3e1020",
        "colorFaintSat": "#4e2c2c",
        "colorHiddenLight": "#efc2c1",
        "colorHiddenDark": "#29121e",
        "colorHiddenSat": "#3b312c",
        "colorFollowDark": "#930826"
      },
      "geometry": {
        "type": "Point",
        "coordinates": [
          121.54237,
          25.033311
        ]
      }
    },
    {
      "type": "Feature",
      "properties": {
        "sys": "mrt",
        "lineId": "R",
        "lineKey": "mrt|R",
        "name": "大安森林公園",
        "color": "#E3002C",
        "colorDark": "#640c22",
        "colorFaintLight": "#ed9aa2",
        "colorFaintDark": "#3e1020",
        "colorFaintSat": "#4e2c2c",
        "colorHiddenLight": "#efc2c1",
        "colorHiddenDark": "#29121e",
        "colorHiddenSat": "#3b312c",
        "colorFollowDark": "#930826"
      },
      "geometry": {
        "type": "Point",
        "coordinates": [
          121.536151,
          25.033225
        ]
      }
    },
    {
      "type": "Feature",
      "properties": {
        "sys": "mrt",
        "lineId": "R",
        "lineKey": "mrt|R",
        "name": "東門",
        "color": "#E3002C",
        "colorDark": "#640c22",
        "colorFaintLight": "#ed9aa2",
        "colorFaintDark": "#3e1020",
        "colorFaintSat": "#4e2c2c",
        "colorHiddenLight": "#efc2c1",
        "colorHiddenDark": "#29121e",
        "colorHiddenSat": "#3b312c",
        "colorFollowDark": "#930826"
      },
      "geometry": {
        "type": "Point",
        "coordinates": [
          121.528766,
          25.033894
        ]
      }
    },
    {
      "type": "Feature",
      "properties": {
        "sys": "mrt",
        "lineId": "R",
        "lineKey": "mrt|R",
        "name": "中正紀念堂",
        "color": "#E3002C",
        "colorDark": "#640c22",
        "colorFaintLight": "#ed9aa2",
        "colorFaintDark": "#3e1020",
        "colorFaintSat": "#4e2c2c",
        "colorHiddenLight": "#efc2c1",
        "colorHiddenDark": "#29121e",
        "colorHiddenSat": "#3b312c",
        "colorFollowDark": "#930826"
      },
      "geometry": {
        "type": "Point",
        "coordinates": [
          121.518273,
          25.032767
        ]
      }
    },
    {
      "type": "Feature",
      "properties": {
        "sys": "mrt",
        "lineId": "R",
        "lineKey": "mrt|R",
        "name": "台大醫院",
        "color": "#E3002C",
        "colorDark": "#640c22",
        "colorFaintLight": "#ed9aa2",
        "colorFaintDark": "#3e1020",
        "colorFaintSat": "#4e2c2c",
        "colorHiddenLight": "#efc2c1",
        "colorHiddenDark": "#29121e",
        "colorHiddenSat": "#3b312c",
        "colorFollowDark": "#930826"
      },
      "geometry": {
        "type": "Point",
        "coordinates": [
          121.51602,
          25.041399
        ]
      }
    },
    {
      "type": "Feature",
      "properties": {
        "sys": "mrt",
        "lineId": "R",
        "lineKey": "mrt|R",
        "name": "台北車站",
        "color": "#E3002C",
        "colorDark": "#640c22",
        "colorFaintLight": "#ed9aa2",
        "colorFaintDark": "#3e1020",
        "colorFaintSat": "#4e2c2c",
        "colorHiddenLight": "#efc2c1",
        "colorHiddenDark": "#29121e",
        "colorHiddenSat": "#3b312c",
        "colorFollowDark": "#930826"
      },
      "geometry": {
        "type": "Point",
        "coordinates": [
          121.517415,
          25.04631
        ]
      }
    },
    {
      "type": "Feature",
      "properties": {
        "sys": "mrt",
        "lineId": "R",
        "lineKey": "mrt|R",
        "name": "中山",
        "color": "#E3002C",
        "colorDark": "#640c22",
        "colorFaintLight": "#ed9aa2",
        "colorFaintDark": "#3e1020",
        "colorFaintSat": "#4e2c2c",
        "colorHiddenLight": "#efc2c1",
        "colorHiddenDark": "#29121e",
        "colorHiddenSat": "#3b312c",
        "colorFollowDark": "#930826"
      },
      "geometry": {
        "type": "Point",
        "coordinates": [
          121.520364,
          25.052621
        ]
      }
    },
    {
      "type": "Feature",
      "properties": {
        "sys": "mrt",
        "lineId": "R",
        "lineKey": "mrt|R",
        "name": "雙連",
        "color": "#E3002C",
        "colorDark": "#640c22",
        "colorFaintLight": "#ed9aa2",
        "colorFaintDark": "#3e1020",
        "colorFaintSat": "#4e2c2c",
        "colorHiddenLight": "#efc2c1",
        "colorHiddenDark": "#29121e",
        "colorHiddenSat": "#3b312c",
        "colorFollowDark": "#930826"
      },
      "geometry": {
        "type": "Point",
        "coordinates": [
          121.520685,
          25.057575
        ]
      }
    },
    {
      "type": "Feature",
      "properties": {
        "sys": "mrt",
        "lineId": "R",
        "lineKey": "mrt|R",
        "name": "民權西路",
        "color": "#E3002C",
        "colorDark": "#640c22",
        "colorFaintLight": "#ed9aa2",
        "colorFaintDark": "#3e1020",
        "colorFaintSat": "#4e2c2c",
        "colorHiddenLight": "#efc2c1",
        "colorHiddenDark": "#29121e",
        "colorHiddenSat": "#3b312c",
        "colorFollowDark": "#930826"
      },
      "geometry": {
        "type": "Point",
        "coordinates": [
          121.519585,
          25.06235
        ]
      }
    },
    {
      "type": "Feature",
      "properties": {
        "sys": "mrt",
        "lineId": "R",
        "lineKey": "mrt|R",
        "name": "圓山",
        "color": "#E3002C",
        "colorDark": "#640c22",
        "colorFaintLight": "#ed9aa2",
        "colorFaintDark": "#3e1020",
        "colorFaintSat": "#4e2c2c",
        "colorHiddenLight": "#efc2c1",
        "colorHiddenDark": "#29121e",
        "colorHiddenSat": "#3b312c",
        "colorFollowDark": "#930826"
      },
      "geometry": {
        "type": "Point",
        "coordinates": [
          121.520074,
          25.071409
        ]
      }
    },
    {
      "type": "Feature",
      "properties": {
        "sys": "mrt",
        "lineId": "R",
        "lineKey": "mrt|R",
        "name": "劍潭",
        "color": "#E3002C",
        "colorDark": "#640c22",
        "colorFaintLight": "#ed9aa2",
        "colorFaintDark": "#3e1020",
        "colorFaintSat": "#4e2c2c",
        "colorHiddenLight": "#efc2c1",
        "colorHiddenDark": "#29121e",
        "colorHiddenSat": "#3b312c",
        "colorFollowDark": "#930826"
      },
      "geometry": {
        "type": "Point",
        "coordinates": [
          121.524955,
          25.084201
        ]
      }
    },
    {
      "type": "Feature",
      "properties": {
        "sys": "mrt",
        "lineId": "R",
        "lineKey": "mrt|R",
        "name": "士林",
        "color": "#E3002C",
        "colorDark": "#640c22",
        "colorFaintLight": "#ed9aa2",
        "colorFaintDark": "#3e1020",
        "colorFaintSat": "#4e2c2c",
        "colorHiddenLight": "#efc2c1",
        "colorHiddenDark": "#29121e",
        "colorHiddenSat": "#3b312c",
        "colorFollowDark": "#930826"
      },
      "geometry": {
        "type": "Point",
        "coordinates": [
          121.52623,
          25.093492
        ]
      }
    },
    {
      "type": "Feature",
      "properties": {
        "sys": "mrt",
        "lineId": "R",
        "lineKey": "mrt|R",
        "name": "芝山",
        "color": "#E3002C",
        "colorDark": "#640c22",
        "colorFaintLight": "#ed9aa2",
        "colorFaintDark": "#3e1020",
        "colorFaintSat": "#4e2c2c",
        "colorHiddenLight": "#efc2c1",
        "colorHiddenDark": "#29121e",
        "colorHiddenSat": "#3b312c",
        "colorFollowDark": "#930826"
      },
      "geometry": {
        "type": "Point",
        "coordinates": [
          121.522546,
          25.102718
        ]
      }
    },
    {
      "type": "Feature",
      "properties": {
        "sys": "mrt",
        "lineId": "R",
        "lineKey": "mrt|R",
        "name": "明德",
        "color": "#E3002C",
        "colorDark": "#640c22",
        "colorFaintLight": "#ed9aa2",
        "colorFaintDark": "#3e1020",
        "colorFaintSat": "#4e2c2c",
        "colorHiddenLight": "#efc2c1",
        "colorHiddenDark": "#29121e",
        "colorHiddenSat": "#3b312c",
        "colorFollowDark": "#930826"
      },
      "geometry": {
        "type": "Point",
        "coordinates": [
          121.518785,
          25.109815
        ]
      }
    },
    {
      "type": "Feature",
      "properties": {
        "sys": "mrt",
        "lineId": "R",
        "lineKey": "mrt|R",
        "name": "石牌",
        "color": "#E3002C",
        "colorDark": "#640c22",
        "colorFaintLight": "#ed9aa2",
        "colorFaintDark": "#3e1020",
        "colorFaintSat": "#4e2c2c",
        "colorHiddenLight": "#efc2c1",
        "colorHiddenDark": "#29121e",
        "colorHiddenSat": "#3b312c",
        "colorFollowDark": "#930826"
      },
      "geometry": {
        "type": "Point",
        "coordinates": [
          121.515572,
          25.114455
        ]
      }
    },
    {
      "type": "Feature",
      "properties": {
        "sys": "mrt",
        "lineId": "R",
        "lineKey": "mrt|R",
        "name": "唭哩岸",
        "color": "#E3002C",
        "colorDark": "#640c22",
        "colorFaintLight": "#ed9aa2",
        "colorFaintDark": "#3e1020",
        "colorFaintSat": "#4e2c2c",
        "colorHiddenLight": "#efc2c1",
        "colorHiddenDark": "#29121e",
        "colorHiddenSat": "#3b312c",
        "colorFollowDark": "#930826"
      },
      "geometry": {
        "type": "Point",
        "coordinates": [
          121.506234,
          25.120852
        ]
      }
    },
    {
      "type": "Feature",
      "properties": {
        "sys": "mrt",
        "lineId": "R",
        "lineKey": "mrt|R",
        "name": "奇岩",
        "color": "#E3002C",
        "colorDark": "#640c22",
        "colorFaintLight": "#ed9aa2",
        "colorFaintDark": "#3e1020",
        "colorFaintSat": "#4e2c2c",
        "colorHiddenLight": "#efc2c1",
        "colorHiddenDark": "#29121e",
        "colorHiddenSat": "#3b312c",
        "colorFollowDark": "#930826"
      },
      "geometry": {
        "type": "Point",
        "coordinates": [
          121.50114,
          25.12547
        ]
      }
    },
    {
      "type": "Feature",
      "properties": {
        "sys": "mrt",
        "lineId": "R",
        "lineKey": "mrt|R",
        "name": "北投",
        "color": "#E3002C",
        "colorDark": "#640c22",
        "colorFaintLight": "#ed9aa2",
        "colorFaintDark": "#3e1020",
        "colorFaintSat": "#4e2c2c",
        "colorHiddenLight": "#efc2c1",
        "colorHiddenDark": "#29121e",
        "colorHiddenSat": "#3b312c",
        "colorFollowDark": "#930826"
      },
      "geometry": {
        "type": "Point",
        "coordinates": [
          121.498648,
          25.131819
        ]
      }
    },
    {
      "type": "Feature",
      "properties": {
        "sys": "mrt",
        "lineId": "R",
        "lineKey": "mrt|R",
        "name": "復興崗",
        "color": "#E3002C",
        "colorDark": "#640c22",
        "colorFaintLight": "#ed9aa2",
        "colorFaintDark": "#3e1020",
        "colorFaintSat": "#4e2c2c",
        "colorHiddenLight": "#efc2c1",
        "colorHiddenDark": "#29121e",
        "colorHiddenSat": "#3b312c",
        "colorFollowDark": "#930826"
      },
      "geometry": {
        "type": "Point",
        "coordinates": [
          121.485457,
          25.137474
        ]
      }
    },
    {
      "type": "Feature",
      "properties": {
        "sys": "mrt",
        "lineId": "R",
        "lineKey": "mrt|R",
        "name": "忠義",
        "color": "#E3002C",
        "colorDark": "#640c22",
        "colorFaintLight": "#ed9aa2",
        "colorFaintDark": "#3e1020",
        "colorFaintSat": "#4e2c2c",
        "colorHiddenLight": "#efc2c1",
        "colorHiddenDark": "#29121e",
        "colorHiddenSat": "#3b312c",
        "colorFollowDark": "#930826"
      },
      "geometry": {
        "type": "Point",
        "coordinates": [
          121.473293,
          25.131041
        ]
      }
    },
    {
      "type": "Feature",
      "properties": {
        "sys": "mrt",
        "lineId": "R",
        "lineKey": "mrt|R",
        "name": "關渡",
        "color": "#E3002C",
        "colorDark": "#640c22",
        "colorFaintLight": "#ed9aa2",
        "colorFaintDark": "#3e1020",
        "colorFaintSat": "#4e2c2c",
        "colorHiddenLight": "#efc2c1",
        "colorHiddenDark": "#29121e",
        "colorHiddenSat": "#3b312c",
        "colorFollowDark": "#930826"
      },
      "geometry": {
        "type": "Point",
        "coordinates": [
          121.4671,
          25.12563
        ]
      }
    },
    {
      "type": "Feature",
      "properties": {
        "sys": "mrt",
        "lineId": "R",
        "lineKey": "mrt|R",
        "name": "竹圍",
        "color": "#E3002C",
        "colorDark": "#640c22",
        "colorFaintLight": "#ed9aa2",
        "colorFaintDark": "#3e1020",
        "colorFaintSat": "#4e2c2c",
        "colorHiddenLight": "#efc2c1",
        "colorHiddenDark": "#29121e",
        "colorHiddenSat": "#3b312c",
        "colorFollowDark": "#930826"
      },
      "geometry": {
        "type": "Point",
        "coordinates": [
          121.45955,
          25.1369
        ]
      }
    },
    {
      "type": "Feature",
      "properties": {
        "sys": "mrt",
        "lineId": "R",
        "lineKey": "mrt|R",
        "name": "紅樹林",
        "color": "#E3002C",
        "colorDark": "#640c22",
        "colorFaintLight": "#ed9aa2",
        "colorFaintDark": "#3e1020",
        "colorFaintSat": "#4e2c2c",
        "colorHiddenLight": "#efc2c1",
        "colorHiddenDark": "#29121e",
        "colorHiddenSat": "#3b312c",
        "colorFollowDark": "#930826"
      },
      "geometry": {
        "type": "Point",
        "coordinates": [
          121.4588,
          25.15399
        ]
      }
    },
    {
      "type": "Feature",
      "properties": {
        "sys": "mrt",
        "lineId": "R",
        "lineKey": "mrt|R",
        "name": "淡水",
        "color": "#E3002C",
        "colorDark": "#640c22",
        "colorFaintLight": "#ed9aa2",
        "colorFaintDark": "#3e1020",
        "colorFaintSat": "#4e2c2c",
        "colorHiddenLight": "#efc2c1",
        "colorHiddenDark": "#29121e",
        "colorHiddenSat": "#3b312c",
        "colorFollowDark": "#930826"
      },
      "geometry": {
        "type": "Point",
        "coordinates": [
          121.445805,
          25.167745
        ]
      }
    },
    {
      "type": "Feature",
      "properties": {
        "sys": "mrt",
        "lineId": "R_XBT",
        "lineKey": "mrt|R_XBT",
        "name": "北投",
        "color": "#F48B9F",
        "colorDark": "#6b4450",
        "colorFaintLight": "#f3cbcb",
        "colorFaintDark": "#422e39",
        "colorFaintSat": "#524a45",
        "colorHiddenLight": "#f2dbd6",
        "colorHiddenDark": "#2b222c",
        "colorHiddenSat": "#3d423a",
        "colorFollowDark": "#9d5e6d"
      },
      "geometry": {
        "type": "Point",
        "coordinates": [
          121.498648,
          25.131819
        ]
      }
    },
    {
      "type": "Feature",
      "properties": {
        "sys": "mrt",
        "lineId": "R_XBT",
        "lineKey": "mrt|R_XBT",
        "name": "新北投",
        "color": "#F48B9F",
        "colorDark": "#6b4450",
        "colorFaintLight": "#f3cbcb",
        "colorFaintDark": "#422e39",
        "colorFaintSat": "#524a45",
        "colorHiddenLight": "#f2dbd6",
        "colorHiddenDark": "#2b222c",
        "colorHiddenSat": "#3d423a",
        "colorFollowDark": "#9d5e6d"
      },
      "geometry": {
        "type": "Point",
        "coordinates": [
          121.502595,
          25.136931
        ]
      }
    },
    {
      "type": "Feature",
      "properties": {
        "sys": "mrt",
        "lineId": "G",
        "lineKey": "mrt|G",
        "name": "新店",
        "color": "#008659",
        "colorDark": "#0a4234",
        "colorFaintLight": "#9dc9b2",
        "colorFaintDark": "#0c2d29",
        "colorFaintSat": "#1c4936",
        "colorHiddenLight": "#c6dac9",
        "colorHiddenDark": "#0e2223",
        "colorHiddenSat": "#204131",
        "colorFollowDark": "#065b42"
      },
      "geometry": {
        "type": "Point",
        "coordinates": [
          121.5377,
          24.958181
        ]
      }
    },
    {
      "type": "Feature",
      "properties": {
        "sys": "mrt",
        "lineId": "G",
        "lineKey": "mrt|G",
        "name": "新店區公所",
        "color": "#008659",
        "colorDark": "#0a4234",
        "colorFaintLight": "#9dc9b2",
        "colorFaintDark": "#0c2d29",
        "colorFaintSat": "#1c4936",
        "colorHiddenLight": "#c6dac9",
        "colorHiddenDark": "#0e2223",
        "colorHiddenSat": "#204131",
        "colorFollowDark": "#065b42"
      },
      "geometry": {
        "type": "Point",
        "coordinates": [
          121.5413,
          24.96744
        ]
      }
    },
    {
      "type": "Feature",
      "properties": {
        "sys": "mrt",
        "lineId": "G",
        "lineKey": "mrt|G",
        "name": "七張",
        "color": "#008659",
        "colorDark": "#0a4234",
        "colorFaintLight": "#9dc9b2",
        "colorFaintDark": "#0c2d29",
        "colorFaintSat": "#1c4936",
        "colorHiddenLight": "#c6dac9",
        "colorHiddenDark": "#0e2223",
        "colorHiddenSat": "#204131",
        "colorFollowDark": "#065b42"
      },
      "geometry": {
        "type": "Point",
        "coordinates": [
          121.543129,
          24.975036
        ]
      }
    },
    {
      "type": "Feature",
      "properties": {
        "sys": "mrt",
        "lineId": "G",
        "lineKey": "mrt|G",
        "name": "大坪林",
        "color": "#008659",
        "colorDark": "#0a4234",
        "colorFaintLight": "#9dc9b2",
        "colorFaintDark": "#0c2d29",
        "colorFaintSat": "#1c4936",
        "colorHiddenLight": "#c6dac9",
        "colorHiddenDark": "#0e2223",
        "colorHiddenSat": "#204131",
        "colorFollowDark": "#065b42"
      },
      "geometry": {
        "type": "Point",
        "coordinates": [
          121.54134,
          24.98272
        ]
      }
    },
    {
      "type": "Feature",
      "properties": {
        "sys": "mrt",
        "lineId": "G",
        "lineKey": "mrt|G",
        "name": "景美",
        "color": "#008659",
        "colorDark": "#0a4234",
        "colorFaintLight": "#9dc9b2",
        "colorFaintDark": "#0c2d29",
        "colorFaintSat": "#1c4936",
        "colorHiddenLight": "#c6dac9",
        "colorHiddenDark": "#0e2223",
        "colorHiddenSat": "#204131",
        "colorFollowDark": "#065b42"
      },
      "geometry": {
        "type": "Point",
        "coordinates": [
          121.540697,
          24.992824
        ]
      }
    },
    {
      "type": "Feature",
      "properties": {
        "sys": "mrt",
        "lineId": "G",
        "lineKey": "mrt|G",
        "name": "萬隆",
        "color": "#008659",
        "colorDark": "#0a4234",
        "colorFaintLight": "#9dc9b2",
        "colorFaintDark": "#0c2d29",
        "colorFaintSat": "#1c4936",
        "colorHiddenLight": "#c6dac9",
        "colorHiddenDark": "#0e2223",
        "colorHiddenSat": "#204131",
        "colorFollowDark": "#065b42"
      },
      "geometry": {
        "type": "Point",
        "coordinates": [
          121.539008,
          25.001978
        ]
      }
    },
    {
      "type": "Feature",
      "properties": {
        "sys": "mrt",
        "lineId": "G",
        "lineKey": "mrt|G",
        "name": "公館",
        "color": "#008659",
        "colorDark": "#0a4234",
        "colorFaintLight": "#9dc9b2",
        "colorFaintDark": "#0c2d29",
        "colorFaintSat": "#1c4936",
        "colorHiddenLight": "#c6dac9",
        "colorHiddenDark": "#0e2223",
        "colorHiddenSat": "#204131",
        "colorFollowDark": "#065b42"
      },
      "geometry": {
        "type": "Point",
        "coordinates": [
          121.534358,
          25.014781
        ]
      }
    },
    {
      "type": "Feature",
      "properties": {
        "sys": "mrt",
        "lineId": "G",
        "lineKey": "mrt|G",
        "name": "台電大樓",
        "color": "#008659",
        "colorDark": "#0a4234",
        "colorFaintLight": "#9dc9b2",
        "colorFaintDark": "#0c2d29",
        "colorFaintSat": "#1c4936",
        "colorHiddenLight": "#c6dac9",
        "colorHiddenDark": "#0e2223",
        "colorHiddenSat": "#204131",
        "colorFollowDark": "#065b42"
      },
      "geometry": {
        "type": "Point",
        "coordinates": [
          121.528143,
          25.020733
        ]
      }
    },
    {
      "type": "Feature",
      "properties": {
        "sys": "mrt",
        "lineId": "G",
        "lineKey": "mrt|G",
        "name": "古亭",
        "color": "#008659",
        "colorDark": "#0a4234",
        "colorFaintLight": "#9dc9b2",
        "colorFaintDark": "#0c2d29",
        "colorFaintSat": "#1c4936",
        "colorHiddenLight": "#c6dac9",
        "colorHiddenDark": "#0e2223",
        "colorHiddenSat": "#204131",
        "colorFollowDark": "#065b42"
      },
      "geometry": {
        "type": "Point",
        "coordinates": [
          121.522868,
          25.026373
        ]
      }
    },
    {
      "type": "Feature",
      "properties": {
        "sys": "mrt",
        "lineId": "G",
        "lineKey": "mrt|G",
        "name": "中正紀念堂",
        "color": "#008659",
        "colorDark": "#0a4234",
        "colorFaintLight": "#9dc9b2",
        "colorFaintDark": "#0c2d29",
        "colorFaintSat": "#1c4936",
        "colorHiddenLight": "#c6dac9",
        "colorHiddenDark": "#0e2223",
        "colorHiddenSat": "#204131",
        "colorFollowDark": "#065b42"
      },
      "geometry": {
        "type": "Point",
        "coordinates": [
          121.518273,
          25.032767
        ]
      }
    },
    {
      "type": "Feature",
      "properties": {
        "sys": "mrt",
        "lineId": "G",
        "lineKey": "mrt|G",
        "name": "小南門",
        "color": "#008659",
        "colorDark": "#0a4234",
        "colorFaintLight": "#9dc9b2",
        "colorFaintDark": "#0c2d29",
        "colorFaintSat": "#1c4936",
        "colorHiddenLight": "#c6dac9",
        "colorHiddenDark": "#0e2223",
        "colorHiddenSat": "#204131",
        "colorFollowDark": "#065b42"
      },
      "geometry": {
        "type": "Point",
        "coordinates": [
          121.510798,
          25.035619
        ]
      }
    },
    {
      "type": "Feature",
      "properties": {
        "sys": "mrt",
        "lineId": "G",
        "lineKey": "mrt|G",
        "name": "西門",
        "color": "#008659",
        "colorDark": "#0a4234",
        "colorFaintLight": "#9dc9b2",
        "colorFaintDark": "#0c2d29",
        "colorFaintSat": "#1c4936",
        "colorHiddenLight": "#c6dac9",
        "colorHiddenDark": "#0e2223",
        "colorHiddenSat": "#204131",
        "colorFollowDark": "#065b42"
      },
      "geometry": {
        "type": "Point",
        "coordinates": [
          121.508511,
          25.042274
        ]
      }
    },
    {
      "type": "Feature",
      "properties": {
        "sys": "mrt",
        "lineId": "G",
        "lineKey": "mrt|G",
        "name": "北門",
        "color": "#008659",
        "colorDark": "#0a4234",
        "colorFaintLight": "#9dc9b2",
        "colorFaintDark": "#0c2d29",
        "colorFaintSat": "#1c4936",
        "colorHiddenLight": "#c6dac9",
        "colorHiddenDark": "#0e2223",
        "colorHiddenSat": "#204131",
        "colorFollowDark": "#065b42"
      },
      "geometry": {
        "type": "Point",
        "coordinates": [
          121.510184,
          25.049554
        ]
      }
    },
    {
      "type": "Feature",
      "properties": {
        "sys": "mrt",
        "lineId": "G",
        "lineKey": "mrt|G",
        "name": "中山",
        "color": "#008659",
        "colorDark": "#0a4234",
        "colorFaintLight": "#9dc9b2",
        "colorFaintDark": "#0c2d29",
        "colorFaintSat": "#1c4936",
        "colorHiddenLight": "#c6dac9",
        "colorHiddenDark": "#0e2223",
        "colorHiddenSat": "#204131",
        "colorFollowDark": "#065b42"
      },
      "geometry": {
        "type": "Point",
        "coordinates": [
          121.520364,
          25.052621
        ]
      }
    },
    {
      "type": "Feature",
      "properties": {
        "sys": "mrt",
        "lineId": "G",
        "lineKey": "mrt|G",
        "name": "松江南京",
        "color": "#008659",
        "colorDark": "#0a4234",
        "colorFaintLight": "#9dc9b2",
        "colorFaintDark": "#0c2d29",
        "colorFaintSat": "#1c4936",
        "colorHiddenLight": "#c6dac9",
        "colorHiddenDark": "#0e2223",
        "colorHiddenSat": "#204131",
        "colorFollowDark": "#065b42"
      },
      "geometry": {
        "type": "Point",
        "coordinates": [
          121.53285,
          25.052693
        ]
      }
    },
    {
      "type": "Feature",
      "properties": {
        "sys": "mrt",
        "lineId": "G",
        "lineKey": "mrt|G",
        "name": "南京復興",
        "color": "#008659",
        "colorDark": "#0a4234",
        "colorFaintLight": "#9dc9b2",
        "colorFaintDark": "#0c2d29",
        "colorFaintSat": "#1c4936",
        "colorHiddenLight": "#c6dac9",
        "colorHiddenDark": "#0e2223",
        "colorHiddenSat": "#204131",
        "colorFollowDark": "#065b42"
      },
      "geometry": {
        "type": "Point",
        "coordinates": [
          121.544303,
          25.052044
        ]
      }
    },
    {
      "type": "Feature",
      "properties": {
        "sys": "mrt",
        "lineId": "G",
        "lineKey": "mrt|G",
        "name": "台北小巨蛋",
        "color": "#008659",
        "colorDark": "#0a4234",
        "colorFaintLight": "#9dc9b2",
        "colorFaintDark": "#0c2d29",
        "colorFaintSat": "#1c4936",
        "colorHiddenLight": "#c6dac9",
        "colorHiddenDark": "#0e2223",
        "colorHiddenSat": "#204131",
        "colorFollowDark": "#065b42"
      },
      "geometry": {
        "type": "Point",
        "coordinates": [
          121.552549,
          25.05152
        ]
      }
    },
    {
      "type": "Feature",
      "properties": {
        "sys": "mrt",
        "lineId": "G",
        "lineKey": "mrt|G",
        "name": "南京三民",
        "color": "#008659",
        "colorDark": "#0a4234",
        "colorFaintLight": "#9dc9b2",
        "colorFaintDark": "#0c2d29",
        "colorFaintSat": "#1c4936",
        "colorHiddenLight": "#c6dac9",
        "colorHiddenDark": "#0e2223",
        "colorHiddenSat": "#204131",
        "colorFollowDark": "#065b42"
      },
      "geometry": {
        "type": "Point",
        "coordinates": [
          121.56471,
          25.051588
        ]
      }
    },
    {
      "type": "Feature",
      "properties": {
        "sys": "mrt",
        "lineId": "G",
        "lineKey": "mrt|G",
        "name": "松山",
        "color": "#008659",
        "colorDark": "#0a4234",
        "colorFaintLight": "#9dc9b2",
        "colorFaintDark": "#0c2d29",
        "colorFaintSat": "#1c4936",
        "colorHiddenLight": "#c6dac9",
        "colorHiddenDark": "#0e2223",
        "colorHiddenSat": "#204131",
        "colorFollowDark": "#065b42"
      },
      "geometry": {
        "type": "Point",
        "coordinates": [
          121.577706,
          25.050118
        ]
      }
    },
    {
      "type": "Feature",
      "properties": {
        "sys": "mrt",
        "lineId": "G_XBT",
        "lineKey": "mrt|G_XBT",
        "name": "七張",
        "color": "#8CC8A0",
        "colorDark": "#425c51",
        "colorFaintLight": "#cee0cb",
        "colorFaintDark": "#2b3c39",
        "colorFaintSat": "#3b5846",
        "colorHiddenLight": "#e0e6d6",
        "colorHiddenDark": "#1f2a2c",
        "colorHiddenSat": "#30493a",
        "colorFollowDark": "#5d846e"
      },
      "geometry": {
        "type": "Point",
        "coordinates": [
          121.543129,
          24.975036
        ]
      }
    },
    {
      "type": "Feature",
      "properties": {
        "sys": "mrt",
        "lineId": "G_XBT",
        "lineKey": "mrt|G_XBT",
        "name": "小碧潭",
        "color": "#8CC8A0",
        "colorDark": "#425c51",
        "colorFaintLight": "#cee0cb",
        "colorFaintDark": "#2b3c39",
        "colorFaintSat": "#3b5846",
        "colorHiddenLight": "#e0e6d6",
        "colorHiddenDark": "#1f2a2c",
        "colorHiddenSat": "#30493a",
        "colorFollowDark": "#5d846e"
      },
      "geometry": {
        "type": "Point",
        "coordinates": [
          121.53058,
          24.97188
        ]
      }
    },
    {
      "type": "Feature",
      "properties": {
        "sys": "mrt",
        "lineId": "O_XINZHUANG",
        "lineKey": "mrt|O_XINZHUANG",
        "name": "南勢角",
        "color": "#F8B61C",
        "colorDark": "#6d551c",
        "colorFaintLight": "#f4da9d",
        "colorFaintDark": "#43381c",
        "colorFaintSat": "#535428",
        "colorHiddenLight": "#f3e3be",
        "colorHiddenDark": "#2c271c",
        "colorHiddenSat": "#3d472a",
        "colorFollowDark": "#a0781c"
      },
      "geometry": {
        "type": "Point",
        "coordinates": [
          121.509237,
          24.990065
        ]
      }
    },
    {
      "type": "Feature",
      "properties": {
        "sys": "mrt",
        "lineId": "O_XINZHUANG",
        "lineKey": "mrt|O_XINZHUANG",
        "name": "景安",
        "color": "#F8B61C",
        "colorDark": "#6d551c",
        "colorFaintLight": "#f4da9d",
        "colorFaintDark": "#43381c",
        "colorFaintSat": "#535428",
        "colorHiddenLight": "#f3e3be",
        "colorHiddenDark": "#2c271c",
        "colorHiddenSat": "#3d472a",
        "colorFollowDark": "#a0781c"
      },
      "geometry": {
        "type": "Point",
        "coordinates": [
          121.505114,
          24.99392
        ]
      }
    },
    {
      "type": "Feature",
      "properties": {
        "sys": "mrt",
        "lineId": "O_XINZHUANG",
        "lineKey": "mrt|O_XINZHUANG",
        "name": "永安市場",
        "color": "#F8B61C",
        "colorDark": "#6d551c",
        "colorFaintLight": "#f4da9d",
        "colorFaintDark": "#43381c",
        "colorFaintSat": "#535428",
        "colorHiddenLight": "#f3e3be",
        "colorHiddenDark": "#2c271c",
        "colorHiddenSat": "#3d472a",
        "colorFollowDark": "#a0781c"
      },
      "geometry": {
        "type": "Point",
        "coordinates": [
          121.511225,
          25.002895
        ]
      }
    },
    {
      "type": "Feature",
      "properties": {
        "sys": "mrt",
        "lineId": "O_XINZHUANG",
        "lineKey": "mrt|O_XINZHUANG",
        "name": "頂溪",
        "color": "#F8B61C",
        "colorDark": "#6d551c",
        "colorFaintLight": "#f4da9d",
        "colorFaintDark": "#43381c",
        "colorFaintSat": "#535428",
        "colorHiddenLight": "#f3e3be",
        "colorHiddenDark": "#2c271c",
        "colorHiddenSat": "#3d472a",
        "colorFollowDark": "#a0781c"
      },
      "geometry": {
        "type": "Point",
        "coordinates": [
          121.515398,
          25.01308
        ]
      }
    },
    {
      "type": "Feature",
      "properties": {
        "sys": "mrt",
        "lineId": "O_XINZHUANG",
        "lineKey": "mrt|O_XINZHUANG",
        "name": "古亭",
        "color": "#F8B61C",
        "colorDark": "#6d551c",
        "colorFaintLight": "#f4da9d",
        "colorFaintDark": "#43381c",
        "colorFaintSat": "#535428",
        "colorHiddenLight": "#f3e3be",
        "colorHiddenDark": "#2c271c",
        "colorHiddenSat": "#3d472a",
        "colorFollowDark": "#a0781c"
      },
      "geometry": {
        "type": "Point",
        "coordinates": [
          121.522868,
          25.026373
        ]
      }
    },
    {
      "type": "Feature",
      "properties": {
        "sys": "mrt",
        "lineId": "O_XINZHUANG",
        "lineKey": "mrt|O_XINZHUANG",
        "name": "東門",
        "color": "#F8B61C",
        "colorDark": "#6d551c",
        "colorFaintLight": "#f4da9d",
        "colorFaintDark": "#43381c",
        "colorFaintSat": "#535428",
        "colorHiddenLight": "#f3e3be",
        "colorHiddenDark": "#2c271c",
        "colorHiddenSat": "#3d472a",
        "colorFollowDark": "#a0781c"
      },
      "geometry": {
        "type": "Point",
        "coordinates": [
          121.528766,
          25.033894
        ]
      }
    },
    {
      "type": "Feature",
      "properties": {
        "sys": "mrt",
        "lineId": "O_XINZHUANG",
        "lineKey": "mrt|O_XINZHUANG",
        "name": "忠孝新生",
        "color": "#F8B61C",
        "colorDark": "#6d551c",
        "colorFaintLight": "#f4da9d",
        "colorFaintDark": "#43381c",
        "colorFaintSat": "#535428",
        "colorHiddenLight": "#f3e3be",
        "colorHiddenDark": "#2c271c",
        "colorHiddenSat": "#3d472a",
        "colorFollowDark": "#a0781c"
      },
      "geometry": {
        "type": "Point",
        "coordinates": [
          121.532856,
          25.041797
        ]
      }
    },
    {
      "type": "Feature",
      "properties": {
        "sys": "mrt",
        "lineId": "O_XINZHUANG",
        "lineKey": "mrt|O_XINZHUANG",
        "name": "松江南京",
        "color": "#F8B61C",
        "colorDark": "#6d551c",
        "colorFaintLight": "#f4da9d",
        "colorFaintDark": "#43381c",
        "colorFaintSat": "#535428",
        "colorHiddenLight": "#f3e3be",
        "colorHiddenDark": "#2c271c",
        "colorHiddenSat": "#3d472a",
        "colorFollowDark": "#a0781c"
      },
      "geometry": {
        "type": "Point",
        "coordinates": [
          121.53285,
          25.052693
        ]
      }
    },
    {
      "type": "Feature",
      "properties": {
        "sys": "mrt",
        "lineId": "O_XINZHUANG",
        "lineKey": "mrt|O_XINZHUANG",
        "name": "行天宮",
        "color": "#F8B61C",
        "colorDark": "#6d551c",
        "colorFaintLight": "#f4da9d",
        "colorFaintDark": "#43381c",
        "colorFaintSat": "#535428",
        "colorHiddenLight": "#f3e3be",
        "colorHiddenDark": "#2c271c",
        "colorHiddenSat": "#3d472a",
        "colorFollowDark": "#a0781c"
      },
      "geometry": {
        "type": "Point",
        "coordinates": [
          121.53315,
          25.05924
        ]
      }
    },
    {
      "type": "Feature",
      "properties": {
        "sys": "mrt",
        "lineId": "O_XINZHUANG",
        "lineKey": "mrt|O_XINZHUANG",
        "name": "中山國小",
        "color": "#F8B61C",
        "colorDark": "#6d551c",
        "colorFaintLight": "#f4da9d",
        "colorFaintDark": "#43381c",
        "colorFaintSat": "#535428",
        "colorHiddenLight": "#f3e3be",
        "colorHiddenDark": "#2c271c",
        "colorHiddenSat": "#3d472a",
        "colorFollowDark": "#a0781c"
      },
      "geometry": {
        "type": "Point",
        "coordinates": [
          121.526609,
          25.062665
        ]
      }
    },
    {
      "type": "Feature",
      "properties": {
        "sys": "mrt",
        "lineId": "O_XINZHUANG",
        "lineKey": "mrt|O_XINZHUANG",
        "name": "民權西路",
        "color": "#F8B61C",
        "colorDark": "#6d551c",
        "colorFaintLight": "#f4da9d",
        "colorFaintDark": "#43381c",
        "colorFaintSat": "#535428",
        "colorHiddenLight": "#f3e3be",
        "colorHiddenDark": "#2c271c",
        "colorHiddenSat": "#3d472a",
        "colorFollowDark": "#a0781c"
      },
      "geometry": {
        "type": "Point",
        "coordinates": [
          121.519585,
          25.06235
        ]
      }
    },
    {
      "type": "Feature",
      "properties": {
        "sys": "mrt",
        "lineId": "O_XINZHUANG",
        "lineKey": "mrt|O_XINZHUANG",
        "name": "大橋頭",
        "color": "#F8B61C",
        "colorDark": "#6d551c",
        "colorFaintLight": "#f4da9d",
        "colorFaintDark": "#43381c",
        "colorFaintSat": "#535428",
        "colorHiddenLight": "#f3e3be",
        "colorHiddenDark": "#2c271c",
        "colorHiddenSat": "#3d472a",
        "colorFollowDark": "#a0781c"
      },
      "geometry": {
        "type": "Point",
        "coordinates": [
          121.513003,
          25.06322
        ]
      }
    },
    {
      "type": "Feature",
      "properties": {
        "sys": "mrt",
        "lineId": "O_XINZHUANG",
        "lineKey": "mrt|O_XINZHUANG",
        "name": "台北橋",
        "color": "#F8B61C",
        "colorDark": "#6d551c",
        "colorFaintLight": "#f4da9d",
        "colorFaintDark": "#43381c",
        "colorFaintSat": "#535428",
        "colorHiddenLight": "#f3e3be",
        "colorHiddenDark": "#2c271c",
        "colorHiddenSat": "#3d472a",
        "colorFollowDark": "#a0781c"
      },
      "geometry": {
        "type": "Point",
        "coordinates": [
          121.500575,
          25.063075
        ]
      }
    },
    {
      "type": "Feature",
      "properties": {
        "sys": "mrt",
        "lineId": "O_XINZHUANG",
        "lineKey": "mrt|O_XINZHUANG",
        "name": "菜寮",
        "color": "#F8B61C",
        "colorDark": "#6d551c",
        "colorFaintLight": "#f4da9d",
        "colorFaintDark": "#43381c",
        "colorFaintSat": "#535428",
        "colorHiddenLight": "#f3e3be",
        "colorHiddenDark": "#2c271c",
        "colorHiddenSat": "#3d472a",
        "colorFollowDark": "#a0781c"
      },
      "geometry": {
        "type": "Point",
        "coordinates": [
          121.491451,
          25.059808
        ]
      }
    },
    {
      "type": "Feature",
      "properties": {
        "sys": "mrt",
        "lineId": "O_XINZHUANG",
        "lineKey": "mrt|O_XINZHUANG",
        "name": "三重",
        "color": "#F8B61C",
        "colorDark": "#6d551c",
        "colorFaintLight": "#f4da9d",
        "colorFaintDark": "#43381c",
        "colorFaintSat": "#535428",
        "colorHiddenLight": "#f3e3be",
        "colorHiddenDark": "#2c271c",
        "colorHiddenSat": "#3d472a",
        "colorFollowDark": "#a0781c"
      },
      "geometry": {
        "type": "Point",
        "coordinates": [
          121.48422,
          25.05571
        ]
      }
    },
    {
      "type": "Feature",
      "properties": {
        "sys": "mrt",
        "lineId": "O_XINZHUANG",
        "lineKey": "mrt|O_XINZHUANG",
        "name": "先嗇宮",
        "color": "#F8B61C",
        "colorDark": "#6d551c",
        "colorFaintLight": "#f4da9d",
        "colorFaintDark": "#43381c",
        "colorFaintSat": "#535428",
        "colorHiddenLight": "#f3e3be",
        "colorHiddenDark": "#2c271c",
        "colorHiddenSat": "#3d472a",
        "colorFollowDark": "#a0781c"
      },
      "geometry": {
        "type": "Point",
        "coordinates": [
          121.47165,
          25.04632
        ]
      }
    },
    {
      "type": "Feature",
      "properties": {
        "sys": "mrt",
        "lineId": "O_XINZHUANG",
        "lineKey": "mrt|O_XINZHUANG",
        "name": "頭前庄",
        "color": "#F8B61C",
        "colorDark": "#6d551c",
        "colorFaintLight": "#f4da9d",
        "colorFaintDark": "#43381c",
        "colorFaintSat": "#535428",
        "colorHiddenLight": "#f3e3be",
        "colorHiddenDark": "#2c271c",
        "colorHiddenSat": "#3d472a",
        "colorFollowDark": "#a0781c"
      },
      "geometry": {
        "type": "Point",
        "coordinates": [
          121.460479,
          25.039862
        ]
      }
    },
    {
      "type": "Feature",
      "properties": {
        "sys": "mrt",
        "lineId": "O_XINZHUANG",
        "lineKey": "mrt|O_XINZHUANG",
        "name": "新莊",
        "color": "#F8B61C",
        "colorDark": "#6d551c",
        "colorFaintLight": "#f4da9d",
        "colorFaintDark": "#43381c",
        "colorFaintSat": "#535428",
        "colorHiddenLight": "#f3e3be",
        "colorHiddenDark": "#2c271c",
        "colorHiddenSat": "#3d472a",
        "colorFollowDark": "#a0781c"
      },
      "geometry": {
        "type": "Point",
        "coordinates": [
          121.45218,
          25.03608
        ]
      }
    },
    {
      "type": "Feature",
      "properties": {
        "sys": "mrt",
        "lineId": "O_XINZHUANG",
        "lineKey": "mrt|O_XINZHUANG",
        "name": "輔大",
        "color": "#F8B61C",
        "colorDark": "#6d551c",
        "colorFaintLight": "#f4da9d",
        "colorFaintDark": "#43381c",
        "colorFaintSat": "#535428",
        "colorHiddenLight": "#f3e3be",
        "colorHiddenDark": "#2c271c",
        "colorHiddenSat": "#3d472a",
        "colorFollowDark": "#a0781c"
      },
      "geometry": {
        "type": "Point",
        "coordinates": [
          121.435735,
          25.03279
        ]
      }
    },
    {
      "type": "Feature",
      "properties": {
        "sys": "mrt",
        "lineId": "O_XINZHUANG",
        "lineKey": "mrt|O_XINZHUANG",
        "name": "丹鳳",
        "color": "#F8B61C",
        "colorDark": "#6d551c",
        "colorFaintLight": "#f4da9d",
        "colorFaintDark": "#43381c",
        "colorFaintSat": "#535428",
        "colorHiddenLight": "#f3e3be",
        "colorHiddenDark": "#2c271c",
        "colorHiddenSat": "#3d472a",
        "colorFollowDark": "#a0781c"
      },
      "geometry": {
        "type": "Point",
        "coordinates": [
          121.422422,
          25.029073
        ]
      }
    },
    {
      "type": "Feature",
      "properties": {
        "sys": "mrt",
        "lineId": "O_XINZHUANG",
        "lineKey": "mrt|O_XINZHUANG",
        "name": "迴龍",
        "color": "#F8B61C",
        "colorDark": "#6d551c",
        "colorFaintLight": "#f4da9d",
        "colorFaintDark": "#43381c",
        "colorFaintSat": "#535428",
        "colorHiddenLight": "#f3e3be",
        "colorHiddenDark": "#2c271c",
        "colorHiddenSat": "#3d472a",
        "colorFollowDark": "#a0781c"
      },
      "geometry": {
        "type": "Point",
        "coordinates": [
          121.411757,
          25.022107
        ]
      }
    },
    {
      "type": "Feature",
      "properties": {
        "sys": "mrt",
        "lineId": "O_LUZHOU",
        "lineKey": "mrt|O_LUZHOU",
        "name": "南勢角",
        "color": "#F8B61C",
        "colorDark": "#6d551c",
        "colorFaintLight": "#f4da9d",
        "colorFaintDark": "#43381c",
        "colorFaintSat": "#535428",
        "colorHiddenLight": "#f3e3be",
        "colorHiddenDark": "#2c271c",
        "colorHiddenSat": "#3d472a",
        "colorFollowDark": "#a0781c"
      },
      "geometry": {
        "type": "Point",
        "coordinates": [
          121.509237,
          24.990065
        ]
      }
    },
    {
      "type": "Feature",
      "properties": {
        "sys": "mrt",
        "lineId": "O_LUZHOU",
        "lineKey": "mrt|O_LUZHOU",
        "name": "景安",
        "color": "#F8B61C",
        "colorDark": "#6d551c",
        "colorFaintLight": "#f4da9d",
        "colorFaintDark": "#43381c",
        "colorFaintSat": "#535428",
        "colorHiddenLight": "#f3e3be",
        "colorHiddenDark": "#2c271c",
        "colorHiddenSat": "#3d472a",
        "colorFollowDark": "#a0781c"
      },
      "geometry": {
        "type": "Point",
        "coordinates": [
          121.505114,
          24.99392
        ]
      }
    },
    {
      "type": "Feature",
      "properties": {
        "sys": "mrt",
        "lineId": "O_LUZHOU",
        "lineKey": "mrt|O_LUZHOU",
        "name": "永安市場",
        "color": "#F8B61C",
        "colorDark": "#6d551c",
        "colorFaintLight": "#f4da9d",
        "colorFaintDark": "#43381c",
        "colorFaintSat": "#535428",
        "colorHiddenLight": "#f3e3be",
        "colorHiddenDark": "#2c271c",
        "colorHiddenSat": "#3d472a",
        "colorFollowDark": "#a0781c"
      },
      "geometry": {
        "type": "Point",
        "coordinates": [
          121.511225,
          25.002895
        ]
      }
    },
    {
      "type": "Feature",
      "properties": {
        "sys": "mrt",
        "lineId": "O_LUZHOU",
        "lineKey": "mrt|O_LUZHOU",
        "name": "頂溪",
        "color": "#F8B61C",
        "colorDark": "#6d551c",
        "colorFaintLight": "#f4da9d",
        "colorFaintDark": "#43381c",
        "colorFaintSat": "#535428",
        "colorHiddenLight": "#f3e3be",
        "colorHiddenDark": "#2c271c",
        "colorHiddenSat": "#3d472a",
        "colorFollowDark": "#a0781c"
      },
      "geometry": {
        "type": "Point",
        "coordinates": [
          121.515398,
          25.01308
        ]
      }
    },
    {
      "type": "Feature",
      "properties": {
        "sys": "mrt",
        "lineId": "O_LUZHOU",
        "lineKey": "mrt|O_LUZHOU",
        "name": "古亭",
        "color": "#F8B61C",
        "colorDark": "#6d551c",
        "colorFaintLight": "#f4da9d",
        "colorFaintDark": "#43381c",
        "colorFaintSat": "#535428",
        "colorHiddenLight": "#f3e3be",
        "colorHiddenDark": "#2c271c",
        "colorHiddenSat": "#3d472a",
        "colorFollowDark": "#a0781c"
      },
      "geometry": {
        "type": "Point",
        "coordinates": [
          121.522868,
          25.026373
        ]
      }
    },
    {
      "type": "Feature",
      "properties": {
        "sys": "mrt",
        "lineId": "O_LUZHOU",
        "lineKey": "mrt|O_LUZHOU",
        "name": "東門",
        "color": "#F8B61C",
        "colorDark": "#6d551c",
        "colorFaintLight": "#f4da9d",
        "colorFaintDark": "#43381c",
        "colorFaintSat": "#535428",
        "colorHiddenLight": "#f3e3be",
        "colorHiddenDark": "#2c271c",
        "colorHiddenSat": "#3d472a",
        "colorFollowDark": "#a0781c"
      },
      "geometry": {
        "type": "Point",
        "coordinates": [
          121.528766,
          25.033894
        ]
      }
    },
    {
      "type": "Feature",
      "properties": {
        "sys": "mrt",
        "lineId": "O_LUZHOU",
        "lineKey": "mrt|O_LUZHOU",
        "name": "忠孝新生",
        "color": "#F8B61C",
        "colorDark": "#6d551c",
        "colorFaintLight": "#f4da9d",
        "colorFaintDark": "#43381c",
        "colorFaintSat": "#535428",
        "colorHiddenLight": "#f3e3be",
        "colorHiddenDark": "#2c271c",
        "colorHiddenSat": "#3d472a",
        "colorFollowDark": "#a0781c"
      },
      "geometry": {
        "type": "Point",
        "coordinates": [
          121.532856,
          25.041797
        ]
      }
    },
    {
      "type": "Feature",
      "properties": {
        "sys": "mrt",
        "lineId": "O_LUZHOU",
        "lineKey": "mrt|O_LUZHOU",
        "name": "松江南京",
        "color": "#F8B61C",
        "colorDark": "#6d551c",
        "colorFaintLight": "#f4da9d",
        "colorFaintDark": "#43381c",
        "colorFaintSat": "#535428",
        "colorHiddenLight": "#f3e3be",
        "colorHiddenDark": "#2c271c",
        "colorHiddenSat": "#3d472a",
        "colorFollowDark": "#a0781c"
      },
      "geometry": {
        "type": "Point",
        "coordinates": [
          121.53285,
          25.052693
        ]
      }
    },
    {
      "type": "Feature",
      "properties": {
        "sys": "mrt",
        "lineId": "O_LUZHOU",
        "lineKey": "mrt|O_LUZHOU",
        "name": "行天宮",
        "color": "#F8B61C",
        "colorDark": "#6d551c",
        "colorFaintLight": "#f4da9d",
        "colorFaintDark": "#43381c",
        "colorFaintSat": "#535428",
        "colorHiddenLight": "#f3e3be",
        "colorHiddenDark": "#2c271c",
        "colorHiddenSat": "#3d472a",
        "colorFollowDark": "#a0781c"
      },
      "geometry": {
        "type": "Point",
        "coordinates": [
          121.53315,
          25.05924
        ]
      }
    },
    {
      "type": "Feature",
      "properties": {
        "sys": "mrt",
        "lineId": "O_LUZHOU",
        "lineKey": "mrt|O_LUZHOU",
        "name": "中山國小",
        "color": "#F8B61C",
        "colorDark": "#6d551c",
        "colorFaintLight": "#f4da9d",
        "colorFaintDark": "#43381c",
        "colorFaintSat": "#535428",
        "colorHiddenLight": "#f3e3be",
        "colorHiddenDark": "#2c271c",
        "colorHiddenSat": "#3d472a",
        "colorFollowDark": "#a0781c"
      },
      "geometry": {
        "type": "Point",
        "coordinates": [
          121.526609,
          25.062665
        ]
      }
    },
    {
      "type": "Feature",
      "properties": {
        "sys": "mrt",
        "lineId": "O_LUZHOU",
        "lineKey": "mrt|O_LUZHOU",
        "name": "民權西路",
        "color": "#F8B61C",
        "colorDark": "#6d551c",
        "colorFaintLight": "#f4da9d",
        "colorFaintDark": "#43381c",
        "colorFaintSat": "#535428",
        "colorHiddenLight": "#f3e3be",
        "colorHiddenDark": "#2c271c",
        "colorHiddenSat": "#3d472a",
        "colorFollowDark": "#a0781c"
      },
      "geometry": {
        "type": "Point",
        "coordinates": [
          121.519585,
          25.06235
        ]
      }
    },
    {
      "type": "Feature",
      "properties": {
        "sys": "mrt",
        "lineId": "O_LUZHOU",
        "lineKey": "mrt|O_LUZHOU",
        "name": "大橋頭",
        "color": "#F8B61C",
        "colorDark": "#6d551c",
        "colorFaintLight": "#f4da9d",
        "colorFaintDark": "#43381c",
        "colorFaintSat": "#535428",
        "colorHiddenLight": "#f3e3be",
        "colorHiddenDark": "#2c271c",
        "colorHiddenSat": "#3d472a",
        "colorFollowDark": "#a0781c"
      },
      "geometry": {
        "type": "Point",
        "coordinates": [
          121.513003,
          25.06322
        ]
      }
    },
    {
      "type": "Feature",
      "properties": {
        "sys": "mrt",
        "lineId": "O_LUZHOU",
        "lineKey": "mrt|O_LUZHOU",
        "name": "三重國小",
        "color": "#F8B61C",
        "colorDark": "#6d551c",
        "colorFaintLight": "#f4da9d",
        "colorFaintDark": "#43381c",
        "colorFaintSat": "#535428",
        "colorHiddenLight": "#f3e3be",
        "colorHiddenDark": "#2c271c",
        "colorHiddenSat": "#3d472a",
        "colorFollowDark": "#a0781c"
      },
      "geometry": {
        "type": "Point",
        "coordinates": [
          121.49701,
          25.070275
        ]
      }
    },
    {
      "type": "Feature",
      "properties": {
        "sys": "mrt",
        "lineId": "O_LUZHOU",
        "lineKey": "mrt|O_LUZHOU",
        "name": "三和國中",
        "color": "#F8B61C",
        "colorDark": "#6d551c",
        "colorFaintLight": "#f4da9d",
        "colorFaintDark": "#43381c",
        "colorFaintSat": "#535428",
        "colorHiddenLight": "#f3e3be",
        "colorHiddenDark": "#2c271c",
        "colorHiddenSat": "#3d472a",
        "colorFollowDark": "#a0781c"
      },
      "geometry": {
        "type": "Point",
        "coordinates": [
          121.486455,
          25.076794
        ]
      }
    },
    {
      "type": "Feature",
      "properties": {
        "sys": "mrt",
        "lineId": "O_LUZHOU",
        "lineKey": "mrt|O_LUZHOU",
        "name": "徐匯中學",
        "color": "#F8B61C",
        "colorDark": "#6d551c",
        "colorFaintLight": "#f4da9d",
        "colorFaintDark": "#43381c",
        "colorFaintSat": "#535428",
        "colorHiddenLight": "#f3e3be",
        "colorHiddenDark": "#2c271c",
        "colorHiddenSat": "#3d472a",
        "colorFollowDark": "#a0781c"
      },
      "geometry": {
        "type": "Point",
        "coordinates": [
          121.479945,
          25.080485
        ]
      }
    },
    {
      "type": "Feature",
      "properties": {
        "sys": "mrt",
        "lineId": "O_LUZHOU",
        "lineKey": "mrt|O_LUZHOU",
        "name": "三民高中",
        "color": "#F8B61C",
        "colorDark": "#6d551c",
        "colorFaintLight": "#f4da9d",
        "colorFaintDark": "#43381c",
        "colorFaintSat": "#535428",
        "colorHiddenLight": "#f3e3be",
        "colorHiddenDark": "#2c271c",
        "colorHiddenSat": "#3d472a",
        "colorFollowDark": "#a0781c"
      },
      "geometry": {
        "type": "Point",
        "coordinates": [
          121.473365,
          25.085425
        ]
      }
    },
    {
      "type": "Feature",
      "properties": {
        "sys": "mrt",
        "lineId": "O_LUZHOU",
        "lineKey": "mrt|O_LUZHOU",
        "name": "蘆洲",
        "color": "#F8B61C",
        "colorDark": "#6d551c",
        "colorFaintLight": "#f4da9d",
        "colorFaintDark": "#43381c",
        "colorFaintSat": "#535428",
        "colorHiddenLight": "#f3e3be",
        "colorHiddenDark": "#2c271c",
        "colorHiddenSat": "#3d472a",
        "colorFollowDark": "#a0781c"
      },
      "geometry": {
        "type": "Point",
        "coordinates": [
          121.46471,
          25.09152
        ]
      }
    },
    {
      "type": "Feature",
      "properties": {
        "sys": "mrt",
        "lineId": "BL",
        "lineKey": "mrt|BL",
        "name": "頂埔",
        "color": "#0070BD",
        "colorDark": "#0a395c",
        "colorFaintLight": "#9dc1d5",
        "colorFaintDark": "#0c283f",
        "colorFaintSat": "#1c444c",
        "colorHiddenLight": "#c6d7db",
        "colorHiddenDark": "#0e1f2f",
        "colorHiddenSat": "#203f3d",
        "colorFollowDark": "#064d80"
      },
      "geometry": {
        "type": "Point",
        "coordinates": [
          121.418744,
          24.959351
        ]
      }
    },
    {
      "type": "Feature",
      "properties": {
        "sys": "mrt",
        "lineId": "BL",
        "lineKey": "mrt|BL",
        "name": "永寧",
        "color": "#0070BD",
        "colorDark": "#0a395c",
        "colorFaintLight": "#9dc1d5",
        "colorFaintDark": "#0c283f",
        "colorFaintSat": "#1c444c",
        "colorHiddenLight": "#c6d7db",
        "colorHiddenDark": "#0e1f2f",
        "colorHiddenSat": "#203f3d",
        "colorFollowDark": "#064d80"
      },
      "geometry": {
        "type": "Point",
        "coordinates": [
          121.43613,
          24.96682
        ]
      }
    },
    {
      "type": "Feature",
      "properties": {
        "sys": "mrt",
        "lineId": "BL",
        "lineKey": "mrt|BL",
        "name": "土城",
        "color": "#0070BD",
        "colorDark": "#0a395c",
        "colorFaintLight": "#9dc1d5",
        "colorFaintDark": "#0c283f",
        "colorFaintSat": "#1c444c",
        "colorHiddenLight": "#c6d7db",
        "colorHiddenDark": "#0e1f2f",
        "colorHiddenSat": "#203f3d",
        "colorFollowDark": "#064d80"
      },
      "geometry": {
        "type": "Point",
        "coordinates": [
          121.44432,
          24.97313
        ]
      }
    },
    {
      "type": "Feature",
      "properties": {
        "sys": "mrt",
        "lineId": "BL",
        "lineKey": "mrt|BL",
        "name": "海山",
        "color": "#0070BD",
        "colorDark": "#0a395c",
        "colorFaintLight": "#9dc1d5",
        "colorFaintDark": "#0c283f",
        "colorFaintSat": "#1c444c",
        "colorHiddenLight": "#c6d7db",
        "colorHiddenDark": "#0e1f2f",
        "colorHiddenSat": "#203f3d",
        "colorFollowDark": "#064d80"
      },
      "geometry": {
        "type": "Point",
        "coordinates": [
          121.448787,
          24.985348
        ]
      }
    },
    {
      "type": "Feature",
      "properties": {
        "sys": "mrt",
        "lineId": "BL",
        "lineKey": "mrt|BL",
        "name": "亞東醫院",
        "color": "#0070BD",
        "colorDark": "#0a395c",
        "colorFaintLight": "#9dc1d5",
        "colorFaintDark": "#0c283f",
        "colorFaintSat": "#1c444c",
        "colorHiddenLight": "#c6d7db",
        "colorHiddenDark": "#0e1f2f",
        "colorHiddenSat": "#203f3d",
        "colorFollowDark": "#064d80"
      },
      "geometry": {
        "type": "Point",
        "coordinates": [
          121.452465,
          24.99828
        ]
      }
    },
    {
      "type": "Feature",
      "properties": {
        "sys": "mrt",
        "lineId": "BL",
        "lineKey": "mrt|BL",
        "name": "府中",
        "color": "#0070BD",
        "colorDark": "#0a395c",
        "colorFaintLight": "#9dc1d5",
        "colorFaintDark": "#0c283f",
        "colorFaintSat": "#1c444c",
        "colorHiddenLight": "#c6d7db",
        "colorHiddenDark": "#0e1f2f",
        "colorHiddenSat": "#203f3d",
        "colorFollowDark": "#064d80"
      },
      "geometry": {
        "type": "Point",
        "coordinates": [
          121.459276,
          25.008465
        ]
      }
    },
    {
      "type": "Feature",
      "properties": {
        "sys": "mrt",
        "lineId": "BL",
        "lineKey": "mrt|BL",
        "name": "板橋",
        "color": "#0070BD",
        "colorDark": "#0a395c",
        "colorFaintLight": "#9dc1d5",
        "colorFaintDark": "#0c283f",
        "colorFaintSat": "#1c444c",
        "colorHiddenLight": "#c6d7db",
        "colorHiddenDark": "#0e1f2f",
        "colorHiddenSat": "#203f3d",
        "colorFollowDark": "#064d80"
      },
      "geometry": {
        "type": "Point",
        "coordinates": [
          121.462671,
          25.014098
        ]
      }
    },
    {
      "type": "Feature",
      "properties": {
        "sys": "mrt",
        "lineId": "BL",
        "lineKey": "mrt|BL",
        "name": "新埔",
        "color": "#0070BD",
        "colorDark": "#0a395c",
        "colorFaintLight": "#9dc1d5",
        "colorFaintDark": "#0c283f",
        "colorFaintSat": "#1c444c",
        "colorHiddenLight": "#c6d7db",
        "colorHiddenDark": "#0e1f2f",
        "colorHiddenSat": "#203f3d",
        "colorFollowDark": "#064d80"
      },
      "geometry": {
        "type": "Point",
        "coordinates": [
          121.468363,
          25.023736
        ]
      }
    },
    {
      "type": "Feature",
      "properties": {
        "sys": "mrt",
        "lineId": "BL",
        "lineKey": "mrt|BL",
        "name": "江子翠",
        "color": "#0070BD",
        "colorDark": "#0a395c",
        "colorFaintLight": "#9dc1d5",
        "colorFaintDark": "#0c283f",
        "colorFaintSat": "#1c444c",
        "colorHiddenLight": "#c6d7db",
        "colorHiddenDark": "#0e1f2f",
        "colorHiddenSat": "#203f3d",
        "colorFollowDark": "#064d80"
      },
      "geometry": {
        "type": "Point",
        "coordinates": [
          121.47257,
          25.030265
        ]
      }
    },
    {
      "type": "Feature",
      "properties": {
        "sys": "mrt",
        "lineId": "BL",
        "lineKey": "mrt|BL",
        "name": "龍山寺",
        "color": "#0070BD",
        "colorDark": "#0a395c",
        "colorFaintLight": "#9dc1d5",
        "colorFaintDark": "#0c283f",
        "colorFaintSat": "#1c444c",
        "colorHiddenLight": "#c6d7db",
        "colorHiddenDark": "#0e1f2f",
        "colorHiddenSat": "#203f3d",
        "colorFollowDark": "#064d80"
      },
      "geometry": {
        "type": "Point",
        "coordinates": [
          121.500325,
          25.03528
        ]
      }
    },
    {
      "type": "Feature",
      "properties": {
        "sys": "mrt",
        "lineId": "BL",
        "lineKey": "mrt|BL",
        "name": "西門",
        "color": "#0070BD",
        "colorDark": "#0a395c",
        "colorFaintLight": "#9dc1d5",
        "colorFaintDark": "#0c283f",
        "colorFaintSat": "#1c444c",
        "colorHiddenLight": "#c6d7db",
        "colorHiddenDark": "#0e1f2f",
        "colorHiddenSat": "#203f3d",
        "colorFollowDark": "#064d80"
      },
      "geometry": {
        "type": "Point",
        "coordinates": [
          121.508511,
          25.042274
        ]
      }
    },
    {
      "type": "Feature",
      "properties": {
        "sys": "mrt",
        "lineId": "BL",
        "lineKey": "mrt|BL",
        "name": "台北車站",
        "color": "#0070BD",
        "colorDark": "#0a395c",
        "colorFaintLight": "#9dc1d5",
        "colorFaintDark": "#0c283f",
        "colorFaintSat": "#1c444c",
        "colorHiddenLight": "#c6d7db",
        "colorHiddenDark": "#0e1f2f",
        "colorHiddenSat": "#203f3d",
        "colorFollowDark": "#064d80"
      },
      "geometry": {
        "type": "Point",
        "coordinates": [
          121.517415,
          25.04631
        ]
      }
    },
    {
      "type": "Feature",
      "properties": {
        "sys": "mrt",
        "lineId": "BL",
        "lineKey": "mrt|BL",
        "name": "善導寺",
        "color": "#0070BD",
        "colorDark": "#0a395c",
        "colorFaintLight": "#9dc1d5",
        "colorFaintDark": "#0c283f",
        "colorFaintSat": "#1c444c",
        "colorHiddenLight": "#c6d7db",
        "colorHiddenDark": "#0e1f2f",
        "colorHiddenSat": "#203f3d",
        "colorFollowDark": "#064d80"
      },
      "geometry": {
        "type": "Point",
        "coordinates": [
          121.523885,
          25.04468
        ]
      }
    },
    {
      "type": "Feature",
      "properties": {
        "sys": "mrt",
        "lineId": "BL",
        "lineKey": "mrt|BL",
        "name": "忠孝新生",
        "color": "#0070BD",
        "colorDark": "#0a395c",
        "colorFaintLight": "#9dc1d5",
        "colorFaintDark": "#0c283f",
        "colorFaintSat": "#1c444c",
        "colorHiddenLight": "#c6d7db",
        "colorHiddenDark": "#0e1f2f",
        "colorHiddenSat": "#203f3d",
        "colorFollowDark": "#064d80"
      },
      "geometry": {
        "type": "Point",
        "coordinates": [
          121.5328,
          25.0423
        ]
      }
    },
    {
      "type": "Feature",
      "properties": {
        "sys": "mrt",
        "lineId": "BL",
        "lineKey": "mrt|BL",
        "name": "忠孝復興",
        "color": "#0070BD",
        "colorDark": "#0a395c",
        "colorFaintLight": "#9dc1d5",
        "colorFaintDark": "#0c283f",
        "colorFaintSat": "#1c444c",
        "colorHiddenLight": "#c6d7db",
        "colorHiddenDark": "#0e1f2f",
        "colorHiddenSat": "#203f3d",
        "colorFollowDark": "#064d80"
      },
      "geometry": {
        "type": "Point",
        "coordinates": [
          121.543769,
          25.041633
        ]
      }
    },
    {
      "type": "Feature",
      "properties": {
        "sys": "mrt",
        "lineId": "BL",
        "lineKey": "mrt|BL",
        "name": "忠孝敦化",
        "color": "#0070BD",
        "colorDark": "#0a395c",
        "colorFaintLight": "#9dc1d5",
        "colorFaintDark": "#0c283f",
        "colorFaintSat": "#1c444c",
        "colorHiddenLight": "#c6d7db",
        "colorHiddenDark": "#0e1f2f",
        "colorHiddenSat": "#203f3d",
        "colorFollowDark": "#064d80"
      },
      "geometry": {
        "type": "Point",
        "coordinates": [
          121.55045,
          25.041505
        ]
      }
    },
    {
      "type": "Feature",
      "properties": {
        "sys": "mrt",
        "lineId": "BL",
        "lineKey": "mrt|BL",
        "name": "國父紀念館",
        "color": "#0070BD",
        "colorDark": "#0a395c",
        "colorFaintLight": "#9dc1d5",
        "colorFaintDark": "#0c283f",
        "colorFaintSat": "#1c444c",
        "colorHiddenLight": "#c6d7db",
        "colorHiddenDark": "#0e1f2f",
        "colorHiddenSat": "#203f3d",
        "colorFollowDark": "#064d80"
      },
      "geometry": {
        "type": "Point",
        "coordinates": [
          121.557815,
          25.04137
        ]
      }
    },
    {
      "type": "Feature",
      "properties": {
        "sys": "mrt",
        "lineId": "BL",
        "lineKey": "mrt|BL",
        "name": "市政府",
        "color": "#0070BD",
        "colorDark": "#0a395c",
        "colorFaintLight": "#9dc1d5",
        "colorFaintDark": "#0c283f",
        "colorFaintSat": "#1c444c",
        "colorHiddenLight": "#c6d7db",
        "colorHiddenDark": "#0e1f2f",
        "colorHiddenSat": "#203f3d",
        "colorFollowDark": "#064d80"
      },
      "geometry": {
        "type": "Point",
        "coordinates": [
          121.565685,
          25.041135
        ]
      }
    },
    {
      "type": "Feature",
      "properties": {
        "sys": "mrt",
        "lineId": "BL",
        "lineKey": "mrt|BL",
        "name": "永春",
        "color": "#0070BD",
        "colorDark": "#0a395c",
        "colorFaintLight": "#9dc1d5",
        "colorFaintDark": "#0c283f",
        "colorFaintSat": "#1c444c",
        "colorHiddenLight": "#c6d7db",
        "colorHiddenDark": "#0e1f2f",
        "colorHiddenSat": "#203f3d",
        "colorFollowDark": "#064d80"
      },
      "geometry": {
        "type": "Point",
        "coordinates": [
          121.5762,
          25.040855
        ]
      }
    },
    {
      "type": "Feature",
      "properties": {
        "sys": "mrt",
        "lineId": "BL",
        "lineKey": "mrt|BL",
        "name": "後山埤",
        "color": "#0070BD",
        "colorDark": "#0a395c",
        "colorFaintLight": "#9dc1d5",
        "colorFaintDark": "#0c283f",
        "colorFaintSat": "#1c444c",
        "colorHiddenLight": "#c6d7db",
        "colorHiddenDark": "#0e1f2f",
        "colorHiddenSat": "#203f3d",
        "colorFollowDark": "#064d80"
      },
      "geometry": {
        "type": "Point",
        "coordinates": [
          121.58227,
          25.044715
        ]
      }
    },
    {
      "type": "Feature",
      "properties": {
        "sys": "mrt",
        "lineId": "BL",
        "lineKey": "mrt|BL",
        "name": "昆陽",
        "color": "#0070BD",
        "colorDark": "#0a395c",
        "colorFaintLight": "#9dc1d5",
        "colorFaintDark": "#0c283f",
        "colorFaintSat": "#1c444c",
        "colorHiddenLight": "#c6d7db",
        "colorHiddenDark": "#0e1f2f",
        "colorHiddenSat": "#203f3d",
        "colorFollowDark": "#064d80"
      },
      "geometry": {
        "type": "Point",
        "coordinates": [
          121.593228,
          25.050459
        ]
      }
    },
    {
      "type": "Feature",
      "properties": {
        "sys": "mrt",
        "lineId": "BL",
        "lineKey": "mrt|BL",
        "name": "南港",
        "color": "#0070BD",
        "colorDark": "#0a395c",
        "colorFaintLight": "#9dc1d5",
        "colorFaintDark": "#0c283f",
        "colorFaintSat": "#1c444c",
        "colorHiddenLight": "#c6d7db",
        "colorHiddenDark": "#0e1f2f",
        "colorHiddenSat": "#203f3d",
        "colorFollowDark": "#064d80"
      },
      "geometry": {
        "type": "Point",
        "coordinates": [
          121.60697,
          25.052035
        ]
      }
    },
    {
      "type": "Feature",
      "properties": {
        "sys": "mrt",
        "lineId": "BL",
        "lineKey": "mrt|BL",
        "name": "南港展覽館",
        "color": "#0070BD",
        "colorDark": "#0a395c",
        "colorFaintLight": "#9dc1d5",
        "colorFaintDark": "#0c283f",
        "colorFaintSat": "#1c444c",
        "colorHiddenLight": "#c6d7db",
        "colorHiddenDark": "#0e1f2f",
        "colorHiddenSat": "#203f3d",
        "colorFollowDark": "#064d80"
      },
      "geometry": {
        "type": "Point",
        "coordinates": [
          121.616861,
          25.054919
        ]
      }
    },
    {
      "type": "Feature",
      "properties": {
        "sys": "mrt",
        "lineId": "Y",
        "lineKey": "mrt|Y",
        "name": "大坪林",
        "color": "#FFDB00",
        "colorDark": "#706411",
        "colorFaintLight": "#f7e793",
        "colorFaintDark": "#454016",
        "colorFaintSat": "#545c22",
        "colorHiddenLight": "#f4eab9",
        "colorHiddenDark": "#2d2c19",
        "colorHiddenSat": "#3e4c27",
        "colorFollowDark": "#a48f0b"
      },
      "geometry": {
        "type": "Point",
        "coordinates": [
          121.541643,
          24.982923
        ]
      }
    },
    {
      "type": "Feature",
      "properties": {
        "sys": "mrt",
        "lineId": "Y",
        "lineKey": "mrt|Y",
        "name": "十四張",
        "color": "#FFDB00",
        "colorDark": "#706411",
        "colorFaintLight": "#f7e793",
        "colorFaintDark": "#454016",
        "colorFaintSat": "#545c22",
        "colorHiddenLight": "#f4eab9",
        "colorHiddenDark": "#2d2c19",
        "colorHiddenSat": "#3e4c27",
        "colorFollowDark": "#a48f0b"
      },
      "geometry": {
        "type": "Point",
        "coordinates": [
          121.5276,
          24.984483
        ]
      }
    },
    {
      "type": "Feature",
      "properties": {
        "sys": "mrt",
        "lineId": "Y",
        "lineKey": "mrt|Y",
        "name": "秀朗橋",
        "color": "#FFDB00",
        "colorDark": "#706411",
        "colorFaintLight": "#f7e793",
        "colorFaintDark": "#454016",
        "colorFaintSat": "#545c22",
        "colorHiddenLight": "#f4eab9",
        "colorHiddenDark": "#2d2c19",
        "colorHiddenSat": "#3e4c27",
        "colorFollowDark": "#a48f0b"
      },
      "geometry": {
        "type": "Point",
        "coordinates": [
          121.525028,
          24.990336
        ]
      }
    },
    {
      "type": "Feature",
      "properties": {
        "sys": "mrt",
        "lineId": "Y",
        "lineKey": "mrt|Y",
        "name": "景平",
        "color": "#FFDB00",
        "colorDark": "#706411",
        "colorFaintLight": "#f7e793",
        "colorFaintDark": "#454016",
        "colorFaintSat": "#545c22",
        "colorHiddenLight": "#f4eab9",
        "colorHiddenDark": "#2d2c19",
        "colorHiddenSat": "#3e4c27",
        "colorFollowDark": "#a48f0b"
      },
      "geometry": {
        "type": "Point",
        "coordinates": [
          121.516278,
          24.992144
        ]
      }
    },
    {
      "type": "Feature",
      "properties": {
        "sys": "mrt",
        "lineId": "Y",
        "lineKey": "mrt|Y",
        "name": "景安",
        "color": "#FFDB00",
        "colorDark": "#706411",
        "colorFaintLight": "#f7e793",
        "colorFaintDark": "#454016",
        "colorFaintSat": "#545c22",
        "colorHiddenLight": "#f4eab9",
        "colorHiddenDark": "#2d2c19",
        "colorHiddenSat": "#3e4c27",
        "colorFollowDark": "#a48f0b"
      },
      "geometry": {
        "type": "Point",
        "coordinates": [
          121.505708,
          24.993416
        ]
      }
    },
    {
      "type": "Feature",
      "properties": {
        "sys": "mrt",
        "lineId": "Y",
        "lineKey": "mrt|Y",
        "name": "中和",
        "color": "#FFDB00",
        "colorDark": "#706411",
        "colorFaintLight": "#f7e793",
        "colorFaintDark": "#454016",
        "colorFaintSat": "#545c22",
        "colorHiddenLight": "#f4eab9",
        "colorHiddenDark": "#2d2c19",
        "colorHiddenSat": "#3e4c27",
        "colorFollowDark": "#a48f0b"
      },
      "geometry": {
        "type": "Point",
        "coordinates": [
          121.496212,
          25.002358
        ]
      }
    },
    {
      "type": "Feature",
      "properties": {
        "sys": "mrt",
        "lineId": "Y",
        "lineKey": "mrt|Y",
        "name": "橋和",
        "color": "#FFDB00",
        "colorDark": "#706411",
        "colorFaintLight": "#f7e793",
        "colorFaintDark": "#454016",
        "colorFaintSat": "#545c22",
        "colorHiddenLight": "#f4eab9",
        "colorHiddenDark": "#2d2c19",
        "colorHiddenSat": "#3e4c27",
        "colorFollowDark": "#a48f0b"
      },
      "geometry": {
        "type": "Point",
        "coordinates": [
          121.49025,
          25.004607
        ]
      }
    },
    {
      "type": "Feature",
      "properties": {
        "sys": "mrt",
        "lineId": "Y",
        "lineKey": "mrt|Y",
        "name": "中原",
        "color": "#FFDB00",
        "colorDark": "#706411",
        "colorFaintLight": "#f7e793",
        "colorFaintDark": "#454016",
        "colorFaintSat": "#545c22",
        "colorHiddenLight": "#f4eab9",
        "colorHiddenDark": "#2d2c19",
        "colorHiddenSat": "#3e4c27",
        "colorFollowDark": "#a48f0b"
      },
      "geometry": {
        "type": "Point",
        "coordinates": [
          121.484277,
          25.008174
        ]
      }
    },
    {
      "type": "Feature",
      "properties": {
        "sys": "mrt",
        "lineId": "Y",
        "lineKey": "mrt|Y",
        "name": "板新",
        "color": "#FFDB00",
        "colorDark": "#706411",
        "colorFaintLight": "#f7e793",
        "colorFaintDark": "#454016",
        "colorFaintSat": "#545c22",
        "colorHiddenLight": "#f4eab9",
        "colorHiddenDark": "#2d2c19",
        "colorHiddenSat": "#3e4c27",
        "colorFollowDark": "#a48f0b"
      },
      "geometry": {
        "type": "Point",
        "coordinates": [
          121.472432,
          25.014536
        ]
      }
    },
    {
      "type": "Feature",
      "properties": {
        "sys": "mrt",
        "lineId": "Y",
        "lineKey": "mrt|Y",
        "name": "板橋",
        "color": "#FFDB00",
        "colorDark": "#706411",
        "colorFaintLight": "#f7e793",
        "colorFaintDark": "#454016",
        "colorFaintSat": "#545c22",
        "colorHiddenLight": "#f4eab9",
        "colorHiddenDark": "#2d2c19",
        "colorHiddenSat": "#3e4c27",
        "colorFollowDark": "#a48f0b"
      },
      "geometry": {
        "type": "Point",
        "coordinates": [
          121.464546,
          25.015235
        ]
      }
    },
    {
      "type": "Feature",
      "properties": {
        "sys": "mrt",
        "lineId": "Y",
        "lineKey": "mrt|Y",
        "name": "新埔民生",
        "color": "#FFDB00",
        "colorDark": "#706411",
        "colorFaintLight": "#f7e793",
        "colorFaintDark": "#454016",
        "colorFaintSat": "#545c22",
        "colorHiddenLight": "#f4eab9",
        "colorHiddenDark": "#2d2c19",
        "colorHiddenSat": "#3e4c27",
        "colorFollowDark": "#a48f0b"
      },
      "geometry": {
        "type": "Point",
        "coordinates": [
          121.466666,
          25.026177
        ]
      }
    },
    {
      "type": "Feature",
      "properties": {
        "sys": "mrt",
        "lineId": "Y",
        "lineKey": "mrt|Y",
        "name": "頭前庄",
        "color": "#FFDB00",
        "colorDark": "#706411",
        "colorFaintLight": "#f7e793",
        "colorFaintDark": "#454016",
        "colorFaintSat": "#545c22",
        "colorHiddenLight": "#f4eab9",
        "colorHiddenDark": "#2d2c19",
        "colorHiddenSat": "#3e4c27",
        "colorFollowDark": "#a48f0b"
      },
      "geometry": {
        "type": "Point",
        "coordinates": [
          121.460336,
          25.039901
        ]
      }
    },
    {
      "type": "Feature",
      "properties": {
        "sys": "mrt",
        "lineId": "Y",
        "lineKey": "mrt|Y",
        "name": "幸福",
        "color": "#FFDB00",
        "colorDark": "#706411",
        "colorFaintLight": "#f7e793",
        "colorFaintDark": "#454016",
        "colorFaintSat": "#545c22",
        "colorHiddenLight": "#f4eab9",
        "colorHiddenDark": "#2d2c19",
        "colorHiddenSat": "#3e4c27",
        "colorFollowDark": "#a48f0b"
      },
      "geometry": {
        "type": "Point",
        "coordinates": [
          121.459993,
          25.05003
        ]
      }
    },
    {
      "type": "Feature",
      "properties": {
        "sys": "mrt",
        "lineId": "Y",
        "lineKey": "mrt|Y",
        "name": "新北產業園區",
        "color": "#FFDB00",
        "colorDark": "#706411",
        "colorFaintLight": "#f7e793",
        "colorFaintDark": "#454016",
        "colorFaintSat": "#545c22",
        "colorHiddenLight": "#f4eab9",
        "colorHiddenDark": "#2d2c19",
        "colorHiddenSat": "#3e4c27",
        "colorFollowDark": "#a48f0b"
      },
      "geometry": {
        "type": "Point",
        "coordinates": [
          121.459831,
          25.061266
        ]
      }
    },
    {
      "type": "Feature",
      "properties": {
        "sys": "tymc",
        "lineId": "A",
        "lineKey": "tymc|A",
        "name": "台北車站",
        "color": "#8246AF",
        "colorDark": "#3e2857",
        "colorFaintLight": "#cbb3d0",
        "colorFaintDark": "#291f3c",
        "colorFaintSat": "#393b49",
        "colorHiddenLight": "#decfd9",
        "colorHiddenDark": "#1e1a2e",
        "colorHiddenSat": "#2f3a3c",
        "colorFollowDark": "#573377"
      },
      "geometry": {
        "type": "Point",
        "coordinates": [
          121.51428,
          25.04869
        ]
      }
    },
    {
      "type": "Feature",
      "properties": {
        "sys": "tymc",
        "lineId": "A",
        "lineKey": "tymc|A",
        "name": "三重站",
        "color": "#8246AF",
        "colorDark": "#3e2857",
        "colorFaintLight": "#cbb3d0",
        "colorFaintDark": "#291f3c",
        "colorFaintSat": "#393b49",
        "colorHiddenLight": "#decfd9",
        "colorHiddenDark": "#1e1a2e",
        "colorHiddenSat": "#2f3a3c",
        "colorFollowDark": "#573377"
      },
      "geometry": {
        "type": "Point",
        "coordinates": [
          121.48273,
          25.0548
        ]
      }
    },
    {
      "type": "Feature",
      "properties": {
        "sys": "tymc",
        "lineId": "A",
        "lineKey": "tymc|A",
        "name": "新北產業園區站",
        "color": "#8246AF",
        "colorDark": "#3e2857",
        "colorFaintLight": "#cbb3d0",
        "colorFaintDark": "#291f3c",
        "colorFaintSat": "#393b49",
        "colorHiddenLight": "#decfd9",
        "colorHiddenDark": "#1e1a2e",
        "colorHiddenSat": "#2f3a3c",
        "colorFollowDark": "#573377"
      },
      "geometry": {
        "type": "Point",
        "coordinates": [
          121.45918,
          25.06171
        ]
      }
    },
    {
      "type": "Feature",
      "properties": {
        "sys": "tymc",
        "lineId": "A",
        "lineKey": "tymc|A",
        "name": "新莊副都心站",
        "color": "#8246AF",
        "colorDark": "#3e2857",
        "colorFaintLight": "#cbb3d0",
        "colorFaintDark": "#291f3c",
        "colorFaintSat": "#393b49",
        "colorHiddenLight": "#decfd9",
        "colorHiddenDark": "#1e1a2e",
        "colorHiddenSat": "#2f3a3c",
        "colorFollowDark": "#573377"
      },
      "geometry": {
        "type": "Point",
        "coordinates": [
          121.44561,
          25.05924
        ]
      }
    },
    {
      "type": "Feature",
      "properties": {
        "sys": "tymc",
        "lineId": "A",
        "lineKey": "tymc|A",
        "name": "泰山站",
        "color": "#8246AF",
        "colorDark": "#3e2857",
        "colorFaintLight": "#cbb3d0",
        "colorFaintDark": "#291f3c",
        "colorFaintSat": "#393b49",
        "colorHiddenLight": "#decfd9",
        "colorHiddenDark": "#1e1a2e",
        "colorHiddenSat": "#2f3a3c",
        "colorFollowDark": "#573377"
      },
      "geometry": {
        "type": "Point",
        "coordinates": [
          121.43943,
          25.05321
        ]
      }
    },
    {
      "type": "Feature",
      "properties": {
        "sys": "tymc",
        "lineId": "A",
        "lineKey": "tymc|A",
        "name": "泰山貴和站",
        "color": "#8246AF",
        "colorDark": "#3e2857",
        "colorFaintLight": "#cbb3d0",
        "colorFaintDark": "#291f3c",
        "colorFaintSat": "#393b49",
        "colorHiddenLight": "#decfd9",
        "colorHiddenDark": "#1e1a2e",
        "colorHiddenSat": "#2f3a3c",
        "colorFollowDark": "#573377"
      },
      "geometry": {
        "type": "Point",
        "coordinates": [
          121.42262,
          25.03321
        ]
      }
    },
    {
      "type": "Feature",
      "properties": {
        "sys": "tymc",
        "lineId": "A",
        "lineKey": "tymc|A",
        "name": "體育大學站",
        "color": "#8246AF",
        "colorDark": "#3e2857",
        "colorFaintLight": "#cbb3d0",
        "colorFaintDark": "#291f3c",
        "colorFaintSat": "#393b49",
        "colorHiddenLight": "#decfd9",
        "colorHiddenDark": "#1e1a2e",
        "colorHiddenSat": "#2f3a3c",
        "colorFollowDark": "#573377"
      },
      "geometry": {
        "type": "Point",
        "coordinates": [
          121.38543,
          25.04124
        ]
      }
    },
    {
      "type": "Feature",
      "properties": {
        "sys": "tymc",
        "lineId": "A",
        "lineKey": "tymc|A",
        "name": "長庚醫院站",
        "color": "#8246AF",
        "colorDark": "#3e2857",
        "colorFaintLight": "#cbb3d0",
        "colorFaintDark": "#291f3c",
        "colorFaintSat": "#393b49",
        "colorHiddenLight": "#decfd9",
        "colorHiddenDark": "#1e1a2e",
        "colorHiddenSat": "#2f3a3c",
        "colorFollowDark": "#573377"
      },
      "geometry": {
        "type": "Point",
        "coordinates": [
          121.37073,
          25.06053
        ]
      }
    },
    {
      "type": "Feature",
      "properties": {
        "sys": "tymc",
        "lineId": "A",
        "lineKey": "tymc|A",
        "name": "林口站",
        "color": "#8246AF",
        "colorDark": "#3e2857",
        "colorFaintLight": "#cbb3d0",
        "colorFaintDark": "#291f3c",
        "colorFaintSat": "#393b49",
        "colorHiddenLight": "#decfd9",
        "colorHiddenDark": "#1e1a2e",
        "colorHiddenSat": "#2f3a3c",
        "colorFollowDark": "#573377"
      },
      "geometry": {
        "type": "Point",
        "coordinates": [
          121.36134,
          25.0658
        ]
      }
    },
    {
      "type": "Feature",
      "properties": {
        "sys": "tymc",
        "lineId": "A",
        "lineKey": "tymc|A",
        "name": "山鼻站",
        "color": "#8246AF",
        "colorDark": "#3e2857",
        "colorFaintLight": "#cbb3d0",
        "colorFaintDark": "#291f3c",
        "colorFaintSat": "#393b49",
        "colorHiddenLight": "#decfd9",
        "colorHiddenDark": "#1e1a2e",
        "colorHiddenSat": "#2f3a3c",
        "colorFollowDark": "#573377"
      },
      "geometry": {
        "type": "Point",
        "coordinates": [
          121.28476,
          25.0808
        ]
      }
    },
    {
      "type": "Feature",
      "properties": {
        "sys": "tymc",
        "lineId": "A",
        "lineKey": "tymc|A",
        "name": "坑口站",
        "color": "#8246AF",
        "colorDark": "#3e2857",
        "colorFaintLight": "#cbb3d0",
        "colorFaintDark": "#291f3c",
        "colorFaintSat": "#393b49",
        "colorHiddenLight": "#decfd9",
        "colorHiddenDark": "#1e1a2e",
        "colorHiddenSat": "#2f3a3c",
        "colorFollowDark": "#573377"
      },
      "geometry": {
        "type": "Point",
        "coordinates": [
          121.26637,
          25.08646
        ]
      }
    },
    {
      "type": "Feature",
      "properties": {
        "sys": "tymc",
        "lineId": "A",
        "lineKey": "tymc|A",
        "name": "機場第一航廈站",
        "color": "#8246AF",
        "colorDark": "#3e2857",
        "colorFaintLight": "#cbb3d0",
        "colorFaintDark": "#291f3c",
        "colorFaintSat": "#393b49",
        "colorHiddenLight": "#decfd9",
        "colorHiddenDark": "#1e1a2e",
        "colorHiddenSat": "#2f3a3c",
        "colorFollowDark": "#573377"
      },
      "geometry": {
        "type": "Point",
        "coordinates": [
          121.23783,
          25.0814
        ]
      }
    },
    {
      "type": "Feature",
      "properties": {
        "sys": "tymc",
        "lineId": "A",
        "lineKey": "tymc|A",
        "name": "機場第二航廈站",
        "color": "#8246AF",
        "colorDark": "#3e2857",
        "colorFaintLight": "#cbb3d0",
        "colorFaintDark": "#291f3c",
        "colorFaintSat": "#393b49",
        "colorHiddenLight": "#decfd9",
        "colorHiddenDark": "#1e1a2e",
        "colorHiddenSat": "#2f3a3c",
        "colorFollowDark": "#573377"
      },
      "geometry": {
        "type": "Point",
        "coordinates": [
          121.23213,
          25.07735
        ]
      }
    },
    {
      "type": "Feature",
      "properties": {
        "sys": "tymc",
        "lineId": "A",
        "lineKey": "tymc|A",
        "name": "機場旅館站",
        "color": "#8246AF",
        "colorDark": "#3e2857",
        "colorFaintLight": "#cbb3d0",
        "colorFaintDark": "#291f3c",
        "colorFaintSat": "#393b49",
        "colorHiddenLight": "#decfd9",
        "colorHiddenDark": "#1e1a2e",
        "colorHiddenSat": "#2f3a3c",
        "colorFollowDark": "#573377"
      },
      "geometry": {
        "type": "Point",
        "coordinates": [
          121.22142,
          25.07007
        ]
      }
    },
    {
      "type": "Feature",
      "properties": {
        "sys": "tymc",
        "lineId": "A",
        "lineKey": "tymc|A",
        "name": "大園站",
        "color": "#8246AF",
        "colorDark": "#3e2857",
        "colorFaintLight": "#cbb3d0",
        "colorFaintDark": "#291f3c",
        "colorFaintSat": "#393b49",
        "colorHiddenLight": "#decfd9",
        "colorHiddenDark": "#1e1a2e",
        "colorHiddenSat": "#2f3a3c",
        "colorFollowDark": "#573377"
      },
      "geometry": {
        "type": "Point",
        "coordinates": [
          121.21048,
          25.05595
        ]
      }
    },
    {
      "type": "Feature",
      "properties": {
        "sys": "tymc",
        "lineId": "A",
        "lineKey": "tymc|A",
        "name": "橫山站",
        "color": "#8246AF",
        "colorDark": "#3e2857",
        "colorFaintLight": "#cbb3d0",
        "colorFaintDark": "#291f3c",
        "colorFaintSat": "#393b49",
        "colorHiddenLight": "#decfd9",
        "colorHiddenDark": "#1e1a2e",
        "colorHiddenSat": "#2f3a3c",
        "colorFollowDark": "#573377"
      },
      "geometry": {
        "type": "Point",
        "coordinates": [
          121.21556,
          25.03665
        ]
      }
    },
    {
      "type": "Feature",
      "properties": {
        "sys": "tymc",
        "lineId": "A",
        "lineKey": "tymc|A",
        "name": "領航站",
        "color": "#8246AF",
        "colorDark": "#3e2857",
        "colorFaintLight": "#cbb3d0",
        "colorFaintDark": "#291f3c",
        "colorFaintSat": "#393b49",
        "colorHiddenLight": "#decfd9",
        "colorHiddenDark": "#1e1a2e",
        "colorHiddenSat": "#2f3a3c",
        "colorFollowDark": "#573377"
      },
      "geometry": {
        "type": "Point",
        "coordinates": [
          121.22095,
          25.02417
        ]
      }
    },
    {
      "type": "Feature",
      "properties": {
        "sys": "tymc",
        "lineId": "A",
        "lineKey": "tymc|A",
        "name": "高鐵桃園站",
        "color": "#8246AF",
        "colorDark": "#3e2857",
        "colorFaintLight": "#cbb3d0",
        "colorFaintDark": "#291f3c",
        "colorFaintSat": "#393b49",
        "colorHiddenLight": "#decfd9",
        "colorHiddenDark": "#1e1a2e",
        "colorHiddenSat": "#2f3a3c",
        "colorFollowDark": "#573377"
      },
      "geometry": {
        "type": "Point",
        "coordinates": [
          121.21406,
          25.01374
        ]
      }
    },
    {
      "type": "Feature",
      "properties": {
        "sys": "tymc",
        "lineId": "A",
        "lineKey": "tymc|A",
        "name": "桃園體育園區站",
        "color": "#8246AF",
        "colorDark": "#3e2857",
        "colorFaintLight": "#cbb3d0",
        "colorFaintDark": "#291f3c",
        "colorFaintSat": "#393b49",
        "colorHiddenLight": "#decfd9",
        "colorHiddenDark": "#1e1a2e",
        "colorHiddenSat": "#2f3a3c",
        "colorFollowDark": "#573377"
      },
      "geometry": {
        "type": "Point",
        "coordinates": [
          121.20349,
          25.00199
        ]
      }
    },
    {
      "type": "Feature",
      "properties": {
        "sys": "tymc",
        "lineId": "A",
        "lineKey": "tymc|A",
        "name": "興南站",
        "color": "#8246AF",
        "colorDark": "#3e2857",
        "colorFaintLight": "#cbb3d0",
        "colorFaintDark": "#291f3c",
        "colorFaintSat": "#393b49",
        "colorHiddenLight": "#decfd9",
        "colorHiddenDark": "#1e1a2e",
        "colorHiddenSat": "#2f3a3c",
        "colorFollowDark": "#573377"
      },
      "geometry": {
        "type": "Point",
        "coordinates": [
          121.21627,
          24.98025
        ]
      }
    },
    {
      "type": "Feature",
      "properties": {
        "sys": "tymc",
        "lineId": "A",
        "lineKey": "tymc|A",
        "name": "環北站",
        "color": "#8246AF",
        "colorDark": "#3e2857",
        "colorFaintLight": "#cbb3d0",
        "colorFaintDark": "#291f3c",
        "colorFaintSat": "#393b49",
        "colorHiddenLight": "#decfd9",
        "colorHiddenDark": "#1e1a2e",
        "colorHiddenSat": "#2f3a3c",
        "colorFollowDark": "#573377"
      },
      "geometry": {
        "type": "Point",
        "coordinates": [
          121.22114,
          24.96722
        ]
      }
    },
    {
      "type": "Feature",
      "properties": {
        "sys": "tymc",
        "lineId": "A",
        "lineKey": "tymc|A",
        "name": "老街溪站",
        "color": "#8246AF",
        "colorDark": "#3e2857",
        "colorFaintLight": "#cbb3d0",
        "colorFaintDark": "#291f3c",
        "colorFaintSat": "#393b49",
        "colorHiddenLight": "#decfd9",
        "colorHiddenDark": "#1e1a2e",
        "colorHiddenSat": "#2f3a3c",
        "colorFollowDark": "#573377"
      },
      "geometry": {
        "type": "Point",
        "coordinates": [
          121.21936,
          24.95823
        ]
      }
    },
    {
      "type": "Feature",
      "properties": {
        "sys": "ntdlrt",
        "lineId": "V",
        "lineKey": "ntdlrt|V",
        "name": "紅樹林",
        "color": "#FF2A00",
        "colorDark": "#701d11",
        "colorFaintLight": "#f7a993",
        "colorFaintDark": "#451916",
        "colorFaintSat": "#543522",
        "colorHiddenLight": "#f4cab9",
        "colorHiddenDark": "#2d1719",
        "colorHiddenSat": "#3e3627",
        "colorFollowDark": "#a4220b"
      },
      "geometry": {
        "type": "Point",
        "coordinates": [
          121.458851,
          25.155597
        ]
      }
    },
    {
      "type": "Feature",
      "properties": {
        "sys": "ntdlrt",
        "lineId": "V",
        "lineKey": "ntdlrt|V",
        "name": "竿蓁林",
        "color": "#FF2A00",
        "colorDark": "#701d11",
        "colorFaintLight": "#f7a993",
        "colorFaintDark": "#451916",
        "colorFaintSat": "#543522",
        "colorHiddenLight": "#f4cab9",
        "colorHiddenDark": "#2d1719",
        "colorHiddenSat": "#3e3627",
        "colorFollowDark": "#a4220b"
      },
      "geometry": {
        "type": "Point",
        "coordinates": [
          121.456232,
          25.162415
        ]
      }
    },
    {
      "type": "Feature",
      "properties": {
        "sys": "ntdlrt",
        "lineId": "V",
        "lineKey": "ntdlrt|V",
        "name": "淡金鄧公",
        "color": "#FF2A00",
        "colorDark": "#701d11",
        "colorFaintLight": "#f7a993",
        "colorFaintDark": "#451916",
        "colorFaintSat": "#543522",
        "colorHiddenLight": "#f4cab9",
        "colorHiddenDark": "#2d1719",
        "colorHiddenSat": "#3e3627",
        "colorFollowDark": "#a4220b"
      },
      "geometry": {
        "type": "Point",
        "coordinates": [
          121.460813,
          25.169363
        ]
      }
    },
    {
      "type": "Feature",
      "properties": {
        "sys": "ntdlrt",
        "lineId": "V",
        "lineKey": "ntdlrt|V",
        "name": "淡江大學",
        "color": "#FF2A00",
        "colorDark": "#701d11",
        "colorFaintLight": "#f7a993",
        "colorFaintDark": "#451916",
        "colorFaintSat": "#543522",
        "colorHiddenLight": "#f4cab9",
        "colorHiddenDark": "#2d1719",
        "colorHiddenSat": "#3e3627",
        "colorFollowDark": "#a4220b"
      },
      "geometry": {
        "type": "Point",
        "coordinates": [
          121.456082,
          25.176959
        ]
      }
    },
    {
      "type": "Feature",
      "properties": {
        "sys": "ntdlrt",
        "lineId": "V",
        "lineKey": "ntdlrt|V",
        "name": "淡金北新",
        "color": "#FF2A00",
        "colorDark": "#701d11",
        "colorFaintLight": "#f7a993",
        "colorFaintDark": "#451916",
        "colorFaintSat": "#543522",
        "colorHiddenLight": "#f4cab9",
        "colorHiddenDark": "#2d1719",
        "colorHiddenSat": "#3e3627",
        "colorFollowDark": "#a4220b"
      },
      "geometry": {
        "type": "Point",
        "coordinates": [
          121.452366,
          25.181131
        ]
      }
    },
    {
      "type": "Feature",
      "properties": {
        "sys": "ntdlrt",
        "lineId": "V",
        "lineKey": "ntdlrt|V",
        "name": "新市一路",
        "color": "#FF2A00",
        "colorDark": "#701d11",
        "colorFaintLight": "#f7a993",
        "colorFaintDark": "#451916",
        "colorFaintSat": "#543522",
        "colorHiddenLight": "#f4cab9",
        "colorHiddenDark": "#2d1719",
        "colorHiddenSat": "#3e3627",
        "colorFollowDark": "#a4220b"
      },
      "geometry": {
        "type": "Point",
        "coordinates": [
          121.448258,
          25.183817
        ]
      }
    },
    {
      "type": "Feature",
      "properties": {
        "sys": "ntdlrt",
        "lineId": "V",
        "lineKey": "ntdlrt|V",
        "name": "淡水行政中心",
        "color": "#FF2A00",
        "colorDark": "#701d11",
        "colorFaintLight": "#f7a993",
        "colorFaintDark": "#451916",
        "colorFaintSat": "#543522",
        "colorHiddenLight": "#f4cab9",
        "colorHiddenDark": "#2d1719",
        "colorHiddenSat": "#3e3627",
        "colorFollowDark": "#a4220b"
      },
      "geometry": {
        "type": "Point",
        "coordinates": [
          121.444482,
          25.189017
        ]
      }
    },
    {
      "type": "Feature",
      "properties": {
        "sys": "ntdlrt",
        "lineId": "V",
        "lineKey": "ntdlrt|V",
        "name": "濱海義山",
        "color": "#FF2A00",
        "colorDark": "#701d11",
        "colorFaintLight": "#f7a993",
        "colorFaintDark": "#451916",
        "colorFaintSat": "#543522",
        "colorHiddenLight": "#f4cab9",
        "colorHiddenDark": "#2d1719",
        "colorHiddenSat": "#3e3627",
        "colorFollowDark": "#a4220b"
      },
      "geometry": {
        "type": "Point",
        "coordinates": [
          121.43738,
          25.18977
        ]
      }
    },
    {
      "type": "Feature",
      "properties": {
        "sys": "ntdlrt",
        "lineId": "V",
        "lineKey": "ntdlrt|V",
        "name": "濱海沙崙",
        "color": "#FF2A00",
        "colorDark": "#701d11",
        "colorFaintLight": "#f7a993",
        "colorFaintDark": "#451916",
        "colorFaintSat": "#543522",
        "colorHiddenLight": "#f4cab9",
        "colorHiddenDark": "#2d1719",
        "colorHiddenSat": "#3e3627",
        "colorFollowDark": "#a4220b"
      },
      "geometry": {
        "type": "Point",
        "coordinates": [
          121.431589,
          25.190501
        ]
      }
    },
    {
      "type": "Feature",
      "properties": {
        "sys": "ntdlrt",
        "lineId": "V",
        "lineKey": "ntdlrt|V",
        "name": "淡海新市鎮",
        "color": "#FF2A00",
        "colorDark": "#701d11",
        "colorFaintLight": "#f7a993",
        "colorFaintDark": "#451916",
        "colorFaintSat": "#543522",
        "colorHiddenLight": "#f4cab9",
        "colorHiddenDark": "#2d1719",
        "colorHiddenSat": "#3e3627",
        "colorFollowDark": "#a4220b"
      },
      "geometry": {
        "type": "Point",
        "coordinates": [
          121.432471,
          25.195691
        ]
      }
    },
    {
      "type": "Feature",
      "properties": {
        "sys": "ntdlrt",
        "lineId": "V",
        "lineKey": "ntdlrt|V",
        "name": "崁頂",
        "color": "#FF2A00",
        "colorDark": "#701d11",
        "colorFaintLight": "#f7a993",
        "colorFaintDark": "#451916",
        "colorFaintSat": "#543522",
        "colorHiddenLight": "#f4cab9",
        "colorHiddenDark": "#2d1719",
        "colorHiddenSat": "#3e3627",
        "colorFollowDark": "#a4220b"
      },
      "geometry": {
        "type": "Point",
        "coordinates": [
          121.434651,
          25.200994
        ]
      }
    },
    {
      "type": "Feature",
      "properties": {
        "sys": "ntdlrt",
        "lineId": "VB",
        "lineKey": "ntdlrt|VB",
        "name": "紅樹林",
        "color": "#FF2A00",
        "colorDark": "#701d11",
        "colorFaintLight": "#f7a993",
        "colorFaintDark": "#451916",
        "colorFaintSat": "#543522",
        "colorHiddenLight": "#f4cab9",
        "colorHiddenDark": "#2d1719",
        "colorHiddenSat": "#3e3627",
        "colorFollowDark": "#a4220b"
      },
      "geometry": {
        "type": "Point",
        "coordinates": [
          121.458851,
          25.155597
        ]
      }
    },
    {
      "type": "Feature",
      "properties": {
        "sys": "ntdlrt",
        "lineId": "VB",
        "lineKey": "ntdlrt|VB",
        "name": "竿蓁林",
        "color": "#FF2A00",
        "colorDark": "#701d11",
        "colorFaintLight": "#f7a993",
        "colorFaintDark": "#451916",
        "colorFaintSat": "#543522",
        "colorHiddenLight": "#f4cab9",
        "colorHiddenDark": "#2d1719",
        "colorHiddenSat": "#3e3627",
        "colorFollowDark": "#a4220b"
      },
      "geometry": {
        "type": "Point",
        "coordinates": [
          121.456232,
          25.162415
        ]
      }
    },
    {
      "type": "Feature",
      "properties": {
        "sys": "ntdlrt",
        "lineId": "VB",
        "lineKey": "ntdlrt|VB",
        "name": "淡金鄧公",
        "color": "#FF2A00",
        "colorDark": "#701d11",
        "colorFaintLight": "#f7a993",
        "colorFaintDark": "#451916",
        "colorFaintSat": "#543522",
        "colorHiddenLight": "#f4cab9",
        "colorHiddenDark": "#2d1719",
        "colorHiddenSat": "#3e3627",
        "colorFollowDark": "#a4220b"
      },
      "geometry": {
        "type": "Point",
        "coordinates": [
          121.460813,
          25.169363
        ]
      }
    },
    {
      "type": "Feature",
      "properties": {
        "sys": "ntdlrt",
        "lineId": "VB",
        "lineKey": "ntdlrt|VB",
        "name": "淡江大學",
        "color": "#FF2A00",
        "colorDark": "#701d11",
        "colorFaintLight": "#f7a993",
        "colorFaintDark": "#451916",
        "colorFaintSat": "#543522",
        "colorHiddenLight": "#f4cab9",
        "colorHiddenDark": "#2d1719",
        "colorHiddenSat": "#3e3627",
        "colorFollowDark": "#a4220b"
      },
      "geometry": {
        "type": "Point",
        "coordinates": [
          121.456082,
          25.176959
        ]
      }
    },
    {
      "type": "Feature",
      "properties": {
        "sys": "ntdlrt",
        "lineId": "VB",
        "lineKey": "ntdlrt|VB",
        "name": "淡金北新",
        "color": "#FF2A00",
        "colorDark": "#701d11",
        "colorFaintLight": "#f7a993",
        "colorFaintDark": "#451916",
        "colorFaintSat": "#543522",
        "colorHiddenLight": "#f4cab9",
        "colorHiddenDark": "#2d1719",
        "colorHiddenSat": "#3e3627",
        "colorFollowDark": "#a4220b"
      },
      "geometry": {
        "type": "Point",
        "coordinates": [
          121.452366,
          25.181131
        ]
      }
    },
    {
      "type": "Feature",
      "properties": {
        "sys": "ntdlrt",
        "lineId": "VB",
        "lineKey": "ntdlrt|VB",
        "name": "新市一路",
        "color": "#FF2A00",
        "colorDark": "#701d11",
        "colorFaintLight": "#f7a993",
        "colorFaintDark": "#451916",
        "colorFaintSat": "#543522",
        "colorHiddenLight": "#f4cab9",
        "colorHiddenDark": "#2d1719",
        "colorHiddenSat": "#3e3627",
        "colorFollowDark": "#a4220b"
      },
      "geometry": {
        "type": "Point",
        "coordinates": [
          121.448258,
          25.183817
        ]
      }
    },
    {
      "type": "Feature",
      "properties": {
        "sys": "ntdlrt",
        "lineId": "VB",
        "lineKey": "ntdlrt|VB",
        "name": "淡水行政中心",
        "color": "#FF2A00",
        "colorDark": "#701d11",
        "colorFaintLight": "#f7a993",
        "colorFaintDark": "#451916",
        "colorFaintSat": "#543522",
        "colorHiddenLight": "#f4cab9",
        "colorHiddenDark": "#2d1719",
        "colorHiddenSat": "#3e3627",
        "colorFollowDark": "#a4220b"
      },
      "geometry": {
        "type": "Point",
        "coordinates": [
          121.444482,
          25.189017
        ]
      }
    },
    {
      "type": "Feature",
      "properties": {
        "sys": "ntdlrt",
        "lineId": "VB",
        "lineKey": "ntdlrt|VB",
        "name": "濱海義山",
        "color": "#FF2A00",
        "colorDark": "#701d11",
        "colorFaintLight": "#f7a993",
        "colorFaintDark": "#451916",
        "colorFaintSat": "#543522",
        "colorHiddenLight": "#f4cab9",
        "colorHiddenDark": "#2d1719",
        "colorHiddenSat": "#3e3627",
        "colorFollowDark": "#a4220b"
      },
      "geometry": {
        "type": "Point",
        "coordinates": [
          121.43738,
          25.18977
        ]
      }
    },
    {
      "type": "Feature",
      "properties": {
        "sys": "ntdlrt",
        "lineId": "VB",
        "lineKey": "ntdlrt|VB",
        "name": "濱海沙崙",
        "color": "#FF2A00",
        "colorDark": "#701d11",
        "colorFaintLight": "#f7a993",
        "colorFaintDark": "#451916",
        "colorFaintSat": "#543522",
        "colorHiddenLight": "#f4cab9",
        "colorHiddenDark": "#2d1719",
        "colorHiddenSat": "#3e3627",
        "colorFollowDark": "#a4220b"
      },
      "geometry": {
        "type": "Point",
        "coordinates": [
          121.431589,
          25.190501
        ]
      }
    },
    {
      "type": "Feature",
      "properties": {
        "sys": "ntdlrt",
        "lineId": "VB",
        "lineKey": "ntdlrt|VB",
        "name": "台北海洋大學",
        "color": "#FF2A00",
        "colorDark": "#701d11",
        "colorFaintLight": "#f7a993",
        "colorFaintDark": "#451916",
        "colorFaintSat": "#543522",
        "colorHiddenLight": "#f4cab9",
        "colorHiddenDark": "#2d1719",
        "colorHiddenSat": "#3e3627",
        "colorFollowDark": "#a4220b"
      },
      "geometry": {
        "type": "Point",
        "coordinates": [
          121.426365,
          25.191141
        ]
      }
    },
    {
      "type": "Feature",
      "properties": {
        "sys": "ntdlrt",
        "lineId": "VB",
        "lineKey": "ntdlrt|VB",
        "name": "沙崙",
        "color": "#FF2A00",
        "colorDark": "#701d11",
        "colorFaintLight": "#f7a993",
        "colorFaintDark": "#451916",
        "colorFaintSat": "#543522",
        "colorHiddenLight": "#f4cab9",
        "colorHiddenDark": "#2d1719",
        "colorHiddenSat": "#3e3627",
        "colorFollowDark": "#a4220b"
      },
      "geometry": {
        "type": "Point",
        "coordinates": [
          121.417331,
          25.187536
        ]
      }
    },
    {
      "type": "Feature",
      "properties": {
        "sys": "ntdlrt",
        "lineId": "VB",
        "lineKey": "ntdlrt|VB",
        "name": "淡水漁人碼頭",
        "color": "#FF2A00",
        "colorDark": "#701d11",
        "colorFaintLight": "#f7a993",
        "colorFaintDark": "#451916",
        "colorFaintSat": "#543522",
        "colorHiddenLight": "#f4cab9",
        "colorHiddenDark": "#2d1719",
        "colorHiddenSat": "#3e3627",
        "colorFollowDark": "#a4220b"
      },
      "geometry": {
        "type": "Point",
        "coordinates": [
          121.418605,
          25.182005
        ]
      }
    },
    {
      "type": "Feature",
      "properties": {
        "sys": "ntalrt",
        "lineId": "K",
        "lineKey": "ntalrt|K",
        "name": "雙城",
        "color": "#9E925E",
        "colorDark": "#494636",
        "colorFaintLight": "#d5cdb4",
        "colorFaintDark": "#2f302b",
        "colorFaintSat": "#3f4c37",
        "colorHiddenLight": "#e3ddca",
        "colorHiddenDark": "#212324",
        "colorHiddenSat": "#334332",
        "colorFollowDark": "#686245"
      },
      "geometry": {
        "type": "Point",
        "coordinates": [
          121.489645,
          24.946321
        ]
      }
    },
    {
      "type": "Feature",
      "properties": {
        "sys": "ntalrt",
        "lineId": "K",
        "lineKey": "ntalrt|K",
        "name": "玫瑰中國城",
        "color": "#9E925E",
        "colorDark": "#494636",
        "colorFaintLight": "#d5cdb4",
        "colorFaintDark": "#2f302b",
        "colorFaintSat": "#3f4c37",
        "colorHiddenLight": "#e3ddca",
        "colorHiddenDark": "#212324",
        "colorHiddenSat": "#334332",
        "colorFollowDark": "#686245"
      },
      "geometry": {
        "type": "Point",
        "coordinates": [
          121.493861,
          24.95076
        ]
      }
    },
    {
      "type": "Feature",
      "properties": {
        "sys": "ntalrt",
        "lineId": "K",
        "lineKey": "ntalrt|K",
        "name": "台北小城",
        "color": "#9E925E",
        "colorDark": "#494636",
        "colorFaintLight": "#d5cdb4",
        "colorFaintDark": "#2f302b",
        "colorFaintSat": "#3f4c37",
        "colorHiddenLight": "#e3ddca",
        "colorHiddenDark": "#212324",
        "colorHiddenSat": "#334332",
        "colorFollowDark": "#686245"
      },
      "geometry": {
        "type": "Point",
        "coordinates": [
          121.49937,
          24.95369
        ]
      }
    },
    {
      "type": "Feature",
      "properties": {
        "sys": "ntalrt",
        "lineId": "K",
        "lineKey": "ntalrt|K",
        "name": "耕莘安康院區",
        "color": "#9E925E",
        "colorDark": "#494636",
        "colorFaintLight": "#d5cdb4",
        "colorFaintDark": "#2f302b",
        "colorFaintSat": "#3f4c37",
        "colorHiddenLight": "#e3ddca",
        "colorHiddenDark": "#212324",
        "colorHiddenSat": "#334332",
        "colorFollowDark": "#686245"
      },
      "geometry": {
        "type": "Point",
        "coordinates": [
          121.504803,
          24.954463
        ]
      }
    },
    {
      "type": "Feature",
      "properties": {
        "sys": "ntalrt",
        "lineId": "K",
        "lineKey": "ntalrt|K",
        "name": "景文科大",
        "color": "#9E925E",
        "colorDark": "#494636",
        "colorFaintLight": "#d5cdb4",
        "colorFaintDark": "#2f302b",
        "colorFaintSat": "#3f4c37",
        "colorHiddenLight": "#e3ddca",
        "colorHiddenDark": "#212324",
        "colorHiddenSat": "#334332",
        "colorFollowDark": "#686245"
      },
      "geometry": {
        "type": "Point",
        "coordinates": [
          121.510387,
          24.955505
        ]
      }
    },
    {
      "type": "Feature",
      "properties": {
        "sys": "ntalrt",
        "lineId": "K",
        "lineKey": "ntalrt|K",
        "name": "安康",
        "color": "#9E925E",
        "colorDark": "#494636",
        "colorFaintLight": "#d5cdb4",
        "colorFaintDark": "#2f302b",
        "colorFaintSat": "#3f4c37",
        "colorHiddenLight": "#e3ddca",
        "colorHiddenDark": "#212324",
        "colorHiddenSat": "#334332",
        "colorFollowDark": "#686245"
      },
      "geometry": {
        "type": "Point",
        "coordinates": [
          121.51729,
          24.965213
        ]
      }
    },
    {
      "type": "Feature",
      "properties": {
        "sys": "ntalrt",
        "lineId": "K",
        "lineKey": "ntalrt|K",
        "name": "陽光運動公園",
        "color": "#9E925E",
        "colorDark": "#494636",
        "colorFaintLight": "#d5cdb4",
        "colorFaintDark": "#2f302b",
        "colorFaintSat": "#3f4c37",
        "colorHiddenLight": "#e3ddca",
        "colorHiddenDark": "#212324",
        "colorHiddenSat": "#334332",
        "colorFollowDark": "#686245"
      },
      "geometry": {
        "type": "Point",
        "coordinates": [
          121.519509,
          24.972351
        ]
      }
    },
    {
      "type": "Feature",
      "properties": {
        "sys": "ntalrt",
        "lineId": "K",
        "lineKey": "ntalrt|K",
        "name": "新和國小",
        "color": "#9E925E",
        "colorDark": "#494636",
        "colorFaintLight": "#d5cdb4",
        "colorFaintDark": "#2f302b",
        "colorFaintSat": "#3f4c37",
        "colorHiddenLight": "#e3ddca",
        "colorHiddenDark": "#212324",
        "colorHiddenSat": "#334332",
        "colorFollowDark": "#686245"
      },
      "geometry": {
        "type": "Point",
        "coordinates": [
          121.518444,
          24.983483
        ]
      }
    },
    {
      "type": "Feature",
      "properties": {
        "sys": "ntalrt",
        "lineId": "K",
        "lineKey": "ntalrt|K",
        "name": "十四張",
        "color": "#9E925E",
        "colorDark": "#494636",
        "colorFaintLight": "#d5cdb4",
        "colorFaintDark": "#2f302b",
        "colorFaintSat": "#3f4c37",
        "colorHiddenLight": "#e3ddca",
        "colorHiddenDark": "#212324",
        "colorHiddenSat": "#334332",
        "colorFollowDark": "#686245"
      },
      "geometry": {
        "type": "Point",
        "coordinates": [
          121.527247,
          24.984328
        ]
      }
    },
    {
      "type": "Feature",
      "properties": {
        "sys": "sanying",
        "lineId": "LB",
        "lineKey": "sanying|LB",
        "name": "頂埔",
        "color": "#79BCE8",
        "colorDark": "#3a576e",
        "colorFaintLight": "#c8dce4",
        "colorFaintDark": "#273949",
        "colorFaintSat": "#375555",
        "colorHiddenLight": "#dce4e3",
        "colorHiddenDark": "#1d2834",
        "colorHiddenSat": "#2e4843",
        "colorFollowDark": "#517c9a"
      },
      "geometry": {
        "type": "Point",
        "coordinates": [
          121.419368,
          24.959591
        ]
      }
    },
    {
      "type": "Feature",
      "properties": {
        "sys": "sanying",
        "lineId": "LB",
        "lineKey": "sanying|LB",
        "name": "媽祖田",
        "color": "#79BCE8",
        "colorDark": "#3a576e",
        "colorFaintLight": "#c8dce4",
        "colorFaintDark": "#273949",
        "colorFaintSat": "#375555",
        "colorHiddenLight": "#dce4e3",
        "colorHiddenDark": "#1d2834",
        "colorHiddenSat": "#2e4843",
        "colorFollowDark": "#517c9a"
      },
      "geometry": {
        "type": "Point",
        "coordinates": [
          121.41209,
          24.953444
        ]
      }
    },
    {
      "type": "Feature",
      "properties": {
        "sys": "sanying",
        "lineId": "LB",
        "lineKey": "sanying|LB",
        "name": "長壽山",
        "color": "#79BCE8",
        "colorDark": "#3a576e",
        "colorFaintLight": "#c8dce4",
        "colorFaintDark": "#273949",
        "colorFaintSat": "#375555",
        "colorHiddenLight": "#dce4e3",
        "colorHiddenDark": "#1d2834",
        "colorHiddenSat": "#2e4843",
        "colorFollowDark": "#517c9a"
      },
      "geometry": {
        "type": "Point",
        "coordinates": [
          121.402576,
          24.944197
        ]
      }
    },
    {
      "type": "Feature",
      "properties": {
        "sys": "sanying",
        "lineId": "LB",
        "lineKey": "sanying|LB",
        "name": "橫溪",
        "color": "#79BCE8",
        "colorDark": "#3a576e",
        "colorFaintLight": "#c8dce4",
        "colorFaintDark": "#273949",
        "colorFaintSat": "#375555",
        "colorHiddenLight": "#dce4e3",
        "colorHiddenDark": "#1d2834",
        "colorHiddenSat": "#2e4843",
        "colorFollowDark": "#517c9a"
      },
      "geometry": {
        "type": "Point",
        "coordinates": [
          121.391247,
          24.937469
        ]
      }
    },
    {
      "type": "Feature",
      "properties": {
        "sys": "sanying",
        "lineId": "LB",
        "lineKey": "sanying|LB",
        "name": "龍埔",
        "color": "#79BCE8",
        "colorDark": "#3a576e",
        "colorFaintLight": "#c8dce4",
        "colorFaintDark": "#273949",
        "colorFaintSat": "#375555",
        "colorHiddenLight": "#dce4e3",
        "colorHiddenDark": "#1d2834",
        "colorHiddenSat": "#2e4843",
        "colorFollowDark": "#517c9a"
      },
      "geometry": {
        "type": "Point",
        "coordinates": [
          121.384674,
          24.939868
        ]
      }
    },
    {
      "type": "Feature",
      "properties": {
        "sys": "sanying",
        "lineId": "LB",
        "lineKey": "sanying|LB",
        "name": "三峽",
        "color": "#79BCE8",
        "colorDark": "#3a576e",
        "colorFaintLight": "#c8dce4",
        "colorFaintDark": "#273949",
        "colorFaintSat": "#375555",
        "colorHiddenLight": "#dce4e3",
        "colorHiddenDark": "#1d2834",
        "colorHiddenSat": "#2e4843",
        "colorFollowDark": "#517c9a"
      },
      "geometry": {
        "type": "Point",
        "coordinates": [
          121.376449,
          24.938923
        ]
      }
    },
    {
      "type": "Feature",
      "properties": {
        "sys": "sanying",
        "lineId": "LB",
        "lineKey": "sanying|LB",
        "name": "臺北大學",
        "color": "#79BCE8",
        "colorDark": "#3a576e",
        "colorFaintLight": "#c8dce4",
        "colorFaintDark": "#273949",
        "colorFaintSat": "#375555",
        "colorHiddenLight": "#dce4e3",
        "colorHiddenDark": "#1d2834",
        "colorHiddenSat": "#2e4843",
        "colorFollowDark": "#517c9a"
      },
      "geometry": {
        "type": "Point",
        "coordinates": [
          121.367158,
          24.93899
        ]
      }
    },
    {
      "type": "Feature",
      "properties": {
        "sys": "sanying",
        "lineId": "LB",
        "lineKey": "sanying|LB",
        "name": "鶯歌車站",
        "color": "#79BCE8",
        "colorDark": "#3a576e",
        "colorFaintLight": "#c8dce4",
        "colorFaintDark": "#273949",
        "colorFaintSat": "#375555",
        "colorHiddenLight": "#dce4e3",
        "colorHiddenDark": "#1d2834",
        "colorHiddenSat": "#2e4843",
        "colorFollowDark": "#517c9a"
      },
      "geometry": {
        "type": "Point",
        "coordinates": [
          121.356469,
          24.953198
        ]
      }
    },
    {
      "type": "Feature",
      "properties": {
        "sys": "sanying",
        "lineId": "LB",
        "lineKey": "sanying|LB",
        "name": "陶瓷老街",
        "color": "#79BCE8",
        "colorDark": "#3a576e",
        "colorFaintLight": "#c8dce4",
        "colorFaintDark": "#273949",
        "colorFaintSat": "#375555",
        "colorHiddenLight": "#dce4e3",
        "colorHiddenDark": "#1d2834",
        "colorHiddenSat": "#2e4843",
        "colorFollowDark": "#517c9a"
      },
      "geometry": {
        "type": "Point",
        "coordinates": [
          121.349486,
          24.952578
        ]
      }
    },
    {
      "type": "Feature",
      "properties": {
        "sys": "sanying",
        "lineId": "LB",
        "lineKey": "sanying|LB",
        "name": "國華",
        "color": "#79BCE8",
        "colorDark": "#3a576e",
        "colorFaintLight": "#c8dce4",
        "colorFaintDark": "#273949",
        "colorFaintSat": "#375555",
        "colorHiddenLight": "#dce4e3",
        "colorHiddenDark": "#1d2834",
        "colorHiddenSat": "#2e4843",
        "colorFollowDark": "#517c9a"
      },
      "geometry": {
        "type": "Point",
        "coordinates": [
          121.342446,
          24.954664
        ]
      }
    },
    {
      "type": "Feature",
      "properties": {
        "sys": "sanying",
        "lineId": "LB",
        "lineKey": "sanying|LB",
        "name": "永吉公園",
        "color": "#79BCE8",
        "colorDark": "#3a576e",
        "colorFaintLight": "#c8dce4",
        "colorFaintDark": "#273949",
        "colorFaintSat": "#375555",
        "colorHiddenLight": "#dce4e3",
        "colorHiddenDark": "#1d2834",
        "colorHiddenSat": "#2e4843",
        "colorFollowDark": "#517c9a"
      },
      "geometry": {
        "type": "Point",
        "coordinates": [
          121.334524,
          24.960789
        ]
      }
    },
    {
      "type": "Feature",
      "properties": {
        "sys": "sanying",
        "lineId": "LB",
        "lineKey": "sanying|LB",
        "name": "鶯桃福德",
        "color": "#79BCE8",
        "colorDark": "#3a576e",
        "colorFaintLight": "#c8dce4",
        "colorFaintDark": "#273949",
        "colorFaintSat": "#375555",
        "colorHiddenLight": "#dce4e3",
        "colorHiddenDark": "#1d2834",
        "colorHiddenSat": "#2e4843",
        "colorFollowDark": "#517c9a"
      },
      "geometry": {
        "type": "Point",
        "coordinates": [
          121.329856,
          24.966786
        ]
      }
    },
    {
      "type": "Feature",
      "properties": {
        "sys": "krtc",
        "lineId": "KR",
        "lineKey": "krtc|KR",
        "name": "小港",
        "color": "#E4002B",
        "colorDark": "#650c22",
        "colorFaintLight": "#ed9aa2",
        "colorFaintDark": "#3f101f",
        "colorFaintSat": "#4e2c2c",
        "colorHiddenLight": "#efc2c1",
        "colorHiddenDark": "#29121e",
        "colorHiddenSat": "#3b312c",
        "colorFollowDark": "#930825"
      },
      "geometry": {
        "type": "Point",
        "coordinates": [
          120.353808,
          22.56478
        ]
      }
    },
    {
      "type": "Feature",
      "properties": {
        "sys": "krtc",
        "lineId": "KR",
        "lineKey": "krtc|KR",
        "name": "高雄國際機場",
        "color": "#E4002B",
        "colorDark": "#650c22",
        "colorFaintLight": "#ed9aa2",
        "colorFaintDark": "#3f101f",
        "colorFaintSat": "#4e2c2c",
        "colorHiddenLight": "#efc2c1",
        "colorHiddenDark": "#29121e",
        "colorHiddenSat": "#3b312c",
        "colorFollowDark": "#930825"
      },
      "geometry": {
        "type": "Point",
        "coordinates": [
          120.341772,
          22.570166
        ]
      }
    },
    {
      "type": "Feature",
      "properties": {
        "sys": "krtc",
        "lineId": "KR",
        "lineKey": "krtc|KR",
        "name": "草衙",
        "color": "#E4002B",
        "colorDark": "#650c22",
        "colorFaintLight": "#ed9aa2",
        "colorFaintDark": "#3f101f",
        "colorFaintSat": "#4e2c2c",
        "colorHiddenLight": "#efc2c1",
        "colorHiddenDark": "#29121e",
        "colorHiddenSat": "#3b312c",
        "colorFollowDark": "#930825"
      },
      "geometry": {
        "type": "Point",
        "coordinates": [
          120.328569,
          22.580354
        ]
      }
    },
    {
      "type": "Feature",
      "properties": {
        "sys": "krtc",
        "lineId": "KR",
        "lineKey": "krtc|KR",
        "name": "前鎮高中",
        "color": "#E4002B",
        "colorDark": "#650c22",
        "colorFaintLight": "#ed9aa2",
        "colorFaintDark": "#3f101f",
        "colorFaintSat": "#4e2c2c",
        "colorHiddenLight": "#efc2c1",
        "colorHiddenDark": "#29121e",
        "colorHiddenSat": "#3b312c",
        "colorFollowDark": "#930825"
      },
      "geometry": {
        "type": "Point",
        "coordinates": [
          120.321686,
          22.588482
        ]
      }
    },
    {
      "type": "Feature",
      "properties": {
        "sys": "krtc",
        "lineId": "KR",
        "lineKey": "krtc|KR",
        "name": "凱旋",
        "color": "#E4002B",
        "colorDark": "#650c22",
        "colorFaintLight": "#ed9aa2",
        "colorFaintDark": "#3f101f",
        "colorFaintSat": "#4e2c2c",
        "colorHiddenLight": "#efc2c1",
        "colorHiddenDark": "#29121e",
        "colorHiddenSat": "#3b312c",
        "colorFollowDark": "#930825"
      },
      "geometry": {
        "type": "Point",
        "coordinates": [
          120.315119,
          22.596764
        ]
      }
    },
    {
      "type": "Feature",
      "properties": {
        "sys": "krtc",
        "lineId": "KR",
        "lineKey": "krtc|KR",
        "name": "獅甲",
        "color": "#E4002B",
        "colorDark": "#650c22",
        "colorFaintLight": "#ed9aa2",
        "colorFaintDark": "#3f101f",
        "colorFaintSat": "#4e2c2c",
        "colorHiddenLight": "#efc2c1",
        "colorHiddenDark": "#29121e",
        "colorHiddenSat": "#3b312c",
        "colorFollowDark": "#930825"
      },
      "geometry": {
        "type": "Point",
        "coordinates": [
          120.308079,
          22.606047
        ]
      }
    },
    {
      "type": "Feature",
      "properties": {
        "sys": "krtc",
        "lineId": "KR",
        "lineKey": "krtc|KR",
        "name": "三多商圈",
        "color": "#E4002B",
        "colorDark": "#650c22",
        "colorFaintLight": "#ed9aa2",
        "colorFaintDark": "#3f101f",
        "colorFaintSat": "#4e2c2c",
        "colorHiddenLight": "#efc2c1",
        "colorHiddenDark": "#29121e",
        "colorHiddenSat": "#3b312c",
        "colorFollowDark": "#930825"
      },
      "geometry": {
        "type": "Point",
        "coordinates": [
          120.304588,
          22.61398
        ]
      }
    },
    {
      "type": "Feature",
      "properties": {
        "sys": "krtc",
        "lineId": "KR",
        "lineKey": "krtc|KR",
        "name": "中央公園",
        "color": "#E4002B",
        "colorDark": "#650c22",
        "colorFaintLight": "#ed9aa2",
        "colorFaintDark": "#3f101f",
        "colorFaintSat": "#4e2c2c",
        "colorHiddenLight": "#efc2c1",
        "colorHiddenDark": "#29121e",
        "colorHiddenSat": "#3b312c",
        "colorFollowDark": "#930825"
      },
      "geometry": {
        "type": "Point",
        "coordinates": [
          120.301212,
          22.624839
        ]
      }
    },
    {
      "type": "Feature",
      "properties": {
        "sys": "krtc",
        "lineId": "KR",
        "lineKey": "krtc|KR",
        "name": "美麗島",
        "color": "#E4002B",
        "colorDark": "#650c22",
        "colorFaintLight": "#ed9aa2",
        "colorFaintDark": "#3f101f",
        "colorFaintSat": "#4e2c2c",
        "colorHiddenLight": "#efc2c1",
        "colorHiddenDark": "#29121e",
        "colorHiddenSat": "#3b312c",
        "colorFollowDark": "#930825"
      },
      "geometry": {
        "type": "Point",
        "coordinates": [
          120.301994,
          22.631393
        ]
      }
    },
    {
      "type": "Feature",
      "properties": {
        "sys": "krtc",
        "lineId": "KR",
        "lineKey": "krtc|KR",
        "name": "高雄車站",
        "color": "#E4002B",
        "colorDark": "#650c22",
        "colorFaintLight": "#ed9aa2",
        "colorFaintDark": "#3f101f",
        "colorFaintSat": "#4e2c2c",
        "colorHiddenLight": "#efc2c1",
        "colorHiddenDark": "#29121e",
        "colorHiddenSat": "#3b312c",
        "colorFollowDark": "#930825"
      },
      "geometry": {
        "type": "Point",
        "coordinates": [
          120.302703,
          22.639694
        ]
      }
    },
    {
      "type": "Feature",
      "properties": {
        "sys": "krtc",
        "lineId": "KR",
        "lineKey": "krtc|KR",
        "name": "後驛",
        "color": "#E4002B",
        "colorDark": "#650c22",
        "colorFaintLight": "#ed9aa2",
        "colorFaintDark": "#3f101f",
        "colorFaintSat": "#4e2c2c",
        "colorHiddenLight": "#efc2c1",
        "colorHiddenDark": "#29121e",
        "colorHiddenSat": "#3b312c",
        "colorFollowDark": "#930825"
      },
      "geometry": {
        "type": "Point",
        "coordinates": [
          120.303413,
          22.648495
        ]
      }
    },
    {
      "type": "Feature",
      "properties": {
        "sys": "krtc",
        "lineId": "KR",
        "lineKey": "krtc|KR",
        "name": "凹子底",
        "color": "#E4002B",
        "colorDark": "#650c22",
        "colorFaintLight": "#ed9aa2",
        "colorFaintDark": "#3f101f",
        "colorFaintSat": "#4e2c2c",
        "colorHiddenLight": "#efc2c1",
        "colorHiddenDark": "#29121e",
        "colorHiddenSat": "#3b312c",
        "colorFollowDark": "#930825"
      },
      "geometry": {
        "type": "Point",
        "coordinates": [
          120.303239,
          22.657268
        ]
      }
    },
    {
      "type": "Feature",
      "properties": {
        "sys": "krtc",
        "lineId": "KR",
        "lineKey": "krtc|KR",
        "name": "巨蛋",
        "color": "#E4002B",
        "colorDark": "#650c22",
        "colorFaintLight": "#ed9aa2",
        "colorFaintDark": "#3f101f",
        "colorFaintSat": "#4e2c2c",
        "colorHiddenLight": "#efc2c1",
        "colorHiddenDark": "#29121e",
        "colorHiddenSat": "#3b312c",
        "colorFollowDark": "#930825"
      },
      "geometry": {
        "type": "Point",
        "coordinates": [
          120.30336,
          22.666158
        ]
      }
    },
    {
      "type": "Feature",
      "properties": {
        "sys": "krtc",
        "lineId": "KR",
        "lineKey": "krtc|KR",
        "name": "生態園區",
        "color": "#E4002B",
        "colorDark": "#650c22",
        "colorFaintLight": "#ed9aa2",
        "colorFaintDark": "#3f101f",
        "colorFaintSat": "#4e2c2c",
        "colorHiddenLight": "#efc2c1",
        "colorHiddenDark": "#29121e",
        "colorHiddenSat": "#3b312c",
        "colorFollowDark": "#930825"
      },
      "geometry": {
        "type": "Point",
        "coordinates": [
          120.306619,
          22.676686
        ]
      }
    },
    {
      "type": "Feature",
      "properties": {
        "sys": "krtc",
        "lineId": "KR",
        "lineKey": "krtc|KR",
        "name": "左營",
        "color": "#E4002B",
        "colorDark": "#650c22",
        "colorFaintLight": "#ed9aa2",
        "colorFaintDark": "#3f101f",
        "colorFaintSat": "#4e2c2c",
        "colorHiddenLight": "#efc2c1",
        "colorHiddenDark": "#29121e",
        "colorHiddenSat": "#3b312c",
        "colorFollowDark": "#930825"
      },
      "geometry": {
        "type": "Point",
        "coordinates": [
          120.308887,
          22.688376
        ]
      }
    },
    {
      "type": "Feature",
      "properties": {
        "sys": "krtc",
        "lineId": "KR",
        "lineKey": "krtc|KR",
        "name": "世運",
        "color": "#E4002B",
        "colorDark": "#650c22",
        "colorFaintLight": "#ed9aa2",
        "colorFaintDark": "#3f101f",
        "colorFaintSat": "#4e2c2c",
        "colorHiddenLight": "#efc2c1",
        "colorHiddenDark": "#29121e",
        "colorHiddenSat": "#3b312c",
        "colorFollowDark": "#930825"
      },
      "geometry": {
        "type": "Point",
        "coordinates": [
          120.302531,
          22.701841
        ]
      }
    },
    {
      "type": "Feature",
      "properties": {
        "sys": "krtc",
        "lineId": "KR",
        "lineKey": "krtc|KR",
        "name": "油廠國小",
        "color": "#E4002B",
        "colorDark": "#650c22",
        "colorFaintLight": "#ed9aa2",
        "colorFaintDark": "#3f101f",
        "colorFaintSat": "#4e2c2c",
        "colorHiddenLight": "#efc2c1",
        "colorHiddenDark": "#29121e",
        "colorHiddenSat": "#3b312c",
        "colorFollowDark": "#930825"
      },
      "geometry": {
        "type": "Point",
        "coordinates": [
          120.302323,
          22.708872
        ]
      }
    },
    {
      "type": "Feature",
      "properties": {
        "sys": "krtc",
        "lineId": "KR",
        "lineKey": "krtc|KR",
        "name": "楠梓科技園區",
        "color": "#E4002B",
        "colorDark": "#650c22",
        "colorFaintLight": "#ed9aa2",
        "colorFaintDark": "#3f101f",
        "colorFaintSat": "#4e2c2c",
        "colorHiddenLight": "#efc2c1",
        "colorHiddenDark": "#29121e",
        "colorHiddenSat": "#3b312c",
        "colorFollowDark": "#930825"
      },
      "geometry": {
        "type": "Point",
        "coordinates": [
          120.307242,
          22.718651
        ]
      }
    },
    {
      "type": "Feature",
      "properties": {
        "sys": "krtc",
        "lineId": "KR",
        "lineKey": "krtc|KR",
        "name": "後勁",
        "color": "#E4002B",
        "colorDark": "#650c22",
        "colorFaintLight": "#ed9aa2",
        "colorFaintDark": "#3f101f",
        "colorFaintSat": "#4e2c2c",
        "colorHiddenLight": "#efc2c1",
        "colorHiddenDark": "#29121e",
        "colorHiddenSat": "#3b312c",
        "colorFollowDark": "#930825"
      },
      "geometry": {
        "type": "Point",
        "coordinates": [
          120.31637,
          22.722324
        ]
      }
    },
    {
      "type": "Feature",
      "properties": {
        "sys": "krtc",
        "lineId": "KR",
        "lineKey": "krtc|KR",
        "name": "都會公園",
        "color": "#E4002B",
        "colorDark": "#650c22",
        "colorFaintLight": "#ed9aa2",
        "colorFaintDark": "#3f101f",
        "colorFaintSat": "#4e2c2c",
        "colorHiddenLight": "#efc2c1",
        "colorHiddenDark": "#29121e",
        "colorHiddenSat": "#3b312c",
        "colorFollowDark": "#930825"
      },
      "geometry": {
        "type": "Point",
        "coordinates": [
          120.321014,
          22.729529
        ]
      }
    },
    {
      "type": "Feature",
      "properties": {
        "sys": "krtc",
        "lineId": "KR",
        "lineKey": "krtc|KR",
        "name": "青埔",
        "color": "#E4002B",
        "colorDark": "#650c22",
        "colorFaintLight": "#ed9aa2",
        "colorFaintDark": "#3f101f",
        "colorFaintSat": "#4e2c2c",
        "colorHiddenLight": "#efc2c1",
        "colorHiddenDark": "#29121e",
        "colorHiddenSat": "#3b312c",
        "colorFollowDark": "#930825"
      },
      "geometry": {
        "type": "Point",
        "coordinates": [
          120.317795,
          22.744345
        ]
      }
    },
    {
      "type": "Feature",
      "properties": {
        "sys": "krtc",
        "lineId": "KR",
        "lineKey": "krtc|KR",
        "name": "橋頭糖廠",
        "color": "#E4002B",
        "colorDark": "#650c22",
        "colorFaintLight": "#ed9aa2",
        "colorFaintDark": "#3f101f",
        "colorFaintSat": "#4e2c2c",
        "colorHiddenLight": "#efc2c1",
        "colorHiddenDark": "#29121e",
        "colorHiddenSat": "#3b312c",
        "colorFollowDark": "#930825"
      },
      "geometry": {
        "type": "Point",
        "coordinates": [
          120.314698,
          22.75316
        ]
      }
    },
    {
      "type": "Feature",
      "properties": {
        "sys": "krtc",
        "lineId": "KR",
        "lineKey": "krtc|KR",
        "name": "橋頭火車站",
        "color": "#E4002B",
        "colorDark": "#650c22",
        "colorFaintLight": "#ed9aa2",
        "colorFaintDark": "#3f101f",
        "colorFaintSat": "#4e2c2c",
        "colorHiddenLight": "#efc2c1",
        "colorHiddenDark": "#29121e",
        "colorHiddenSat": "#3b312c",
        "colorFollowDark": "#930825"
      },
      "geometry": {
        "type": "Point",
        "coordinates": [
          120.310976,
          22.760249
        ]
      }
    },
    {
      "type": "Feature",
      "properties": {
        "sys": "krtc",
        "lineId": "KR",
        "lineKey": "krtc|KR",
        "name": "岡山高醫",
        "color": "#E4002B",
        "colorDark": "#650c22",
        "colorFaintLight": "#ed9aa2",
        "colorFaintDark": "#3f101f",
        "colorFaintSat": "#4e2c2c",
        "colorHiddenLight": "#efc2c1",
        "colorHiddenDark": "#29121e",
        "colorHiddenSat": "#3b312c",
        "colorFollowDark": "#930825"
      },
      "geometry": {
        "type": "Point",
        "coordinates": [
          120.30188,
          22.780642
        ]
      }
    },
    {
      "type": "Feature",
      "properties": {
        "sys": "krtc",
        "lineId": "KR",
        "lineKey": "krtc|KR",
        "name": "岡山車站",
        "color": "#E4002B",
        "colorDark": "#650c22",
        "colorFaintLight": "#ed9aa2",
        "colorFaintDark": "#3f101f",
        "colorFaintSat": "#4e2c2c",
        "colorHiddenLight": "#efc2c1",
        "colorHiddenDark": "#29121e",
        "colorHiddenSat": "#3b312c",
        "colorFollowDark": "#930825"
      },
      "geometry": {
        "type": "Point",
        "coordinates": [
          120.29923,
          22.79245
        ]
      }
    },
    {
      "type": "Feature",
      "properties": {
        "sys": "krtc",
        "lineId": "KO",
        "lineKey": "krtc|KO",
        "name": "哈瑪星",
        "color": "#F8981D",
        "colorDark": "#6d491c",
        "colorFaintLight": "#f4cf9d",
        "colorFaintDark": "#43311c",
        "colorFaintSat": "#534d29",
        "colorHiddenLight": "#f3debf",
        "colorHiddenDark": "#2c241c",
        "colorHiddenSat": "#3d442a",
        "colorFollowDark": "#a0661d"
      },
      "geometry": {
        "type": "Point",
        "coordinates": [
          120.274508,
          22.621492
        ]
      }
    },
    {
      "type": "Feature",
      "properties": {
        "sys": "krtc",
        "lineId": "KO",
        "lineKey": "krtc|KO",
        "name": "鹽埕埔",
        "color": "#F8981D",
        "colorDark": "#6d491c",
        "colorFaintLight": "#f4cf9d",
        "colorFaintDark": "#43311c",
        "colorFaintSat": "#534d29",
        "colorHiddenLight": "#f3debf",
        "colorHiddenDark": "#2c241c",
        "colorHiddenSat": "#3d442a",
        "colorFollowDark": "#a0661d"
      },
      "geometry": {
        "type": "Point",
        "coordinates": [
          120.283777,
          22.623501
        ]
      }
    },
    {
      "type": "Feature",
      "properties": {
        "sys": "krtc",
        "lineId": "KO",
        "lineKey": "krtc|KO",
        "name": "前金",
        "color": "#F8981D",
        "colorDark": "#6d491c",
        "colorFaintLight": "#f4cf9d",
        "colorFaintDark": "#43311c",
        "colorFaintSat": "#534d29",
        "colorHiddenLight": "#f3debf",
        "colorHiddenDark": "#2c241c",
        "colorHiddenSat": "#3d442a",
        "colorFollowDark": "#a0661d"
      },
      "geometry": {
        "type": "Point",
        "coordinates": [
          120.294766,
          22.628933
        ]
      }
    },
    {
      "type": "Feature",
      "properties": {
        "sys": "krtc",
        "lineId": "KO",
        "lineKey": "krtc|KO",
        "name": "美麗島",
        "color": "#F8981D",
        "colorDark": "#6d491c",
        "colorFaintLight": "#f4cf9d",
        "colorFaintDark": "#43311c",
        "colorFaintSat": "#534d29",
        "colorHiddenLight": "#f3debf",
        "colorHiddenDark": "#2c241c",
        "colorHiddenSat": "#3d442a",
        "colorFollowDark": "#a0661d"
      },
      "geometry": {
        "type": "Point",
        "coordinates": [
          120.303254,
          22.631278
        ]
      }
    },
    {
      "type": "Feature",
      "properties": {
        "sys": "krtc",
        "lineId": "KO",
        "lineKey": "krtc|KO",
        "name": "信義國小",
        "color": "#F8981D",
        "colorDark": "#6d491c",
        "colorFaintLight": "#f4cf9d",
        "colorFaintDark": "#43311c",
        "colorFaintSat": "#534d29",
        "colorHiddenLight": "#f3debf",
        "colorHiddenDark": "#2c241c",
        "colorHiddenSat": "#3d442a",
        "colorFollowDark": "#a0661d"
      },
      "geometry": {
        "type": "Point",
        "coordinates": [
          120.311391,
          22.630675
        ]
      }
    },
    {
      "type": "Feature",
      "properties": {
        "sys": "krtc",
        "lineId": "KO",
        "lineKey": "krtc|KO",
        "name": "文化中心",
        "color": "#F8981D",
        "colorDark": "#6d491c",
        "colorFaintLight": "#f4cf9d",
        "colorFaintDark": "#43311c",
        "colorFaintSat": "#534d29",
        "colorHiddenLight": "#f3debf",
        "colorHiddenDark": "#2c241c",
        "colorHiddenSat": "#3d442a",
        "colorFollowDark": "#a0661d"
      },
      "geometry": {
        "type": "Point",
        "coordinates": [
          120.317632,
          22.630224
        ]
      }
    },
    {
      "type": "Feature",
      "properties": {
        "sys": "krtc",
        "lineId": "KO",
        "lineKey": "krtc|KO",
        "name": "五塊厝",
        "color": "#F8981D",
        "colorDark": "#6d491c",
        "colorFaintLight": "#f4cf9d",
        "colorFaintDark": "#43311c",
        "colorFaintSat": "#534d29",
        "colorHiddenLight": "#f3debf",
        "colorHiddenDark": "#2c241c",
        "colorHiddenSat": "#3d442a",
        "colorFollowDark": "#a0661d"
      },
      "geometry": {
        "type": "Point",
        "coordinates": [
          120.327731,
          22.629413
        ]
      }
    },
    {
      "type": "Feature",
      "properties": {
        "sys": "krtc",
        "lineId": "KO",
        "lineKey": "krtc|KO",
        "name": "苓雅運動園區",
        "color": "#F8981D",
        "colorDark": "#6d491c",
        "colorFaintLight": "#f4cf9d",
        "colorFaintDark": "#43311c",
        "colorFaintSat": "#534d29",
        "colorHiddenLight": "#f3debf",
        "colorHiddenDark": "#2c241c",
        "colorHiddenSat": "#3d442a",
        "colorFollowDark": "#a0661d"
      },
      "geometry": {
        "type": "Point",
        "coordinates": [
          120.334651,
          22.6272
        ]
      }
    },
    {
      "type": "Feature",
      "properties": {
        "sys": "krtc",
        "lineId": "KO",
        "lineKey": "krtc|KO",
        "name": "衛武營",
        "color": "#F8981D",
        "colorDark": "#6d491c",
        "colorFaintLight": "#f4cf9d",
        "colorFaintDark": "#43311c",
        "colorFaintSat": "#534d29",
        "colorHiddenLight": "#f3debf",
        "colorHiddenDark": "#2c241c",
        "colorHiddenSat": "#3d442a",
        "colorFollowDark": "#a0661d"
      },
      "geometry": {
        "type": "Point",
        "coordinates": [
          120.341045,
          22.625055
        ]
      }
    },
    {
      "type": "Feature",
      "properties": {
        "sys": "krtc",
        "lineId": "KO",
        "lineKey": "krtc|KO",
        "name": "鳳山西站",
        "color": "#F8981D",
        "colorDark": "#6d491c",
        "colorFaintLight": "#f4cf9d",
        "colorFaintDark": "#43311c",
        "colorFaintSat": "#534d29",
        "colorHiddenLight": "#f3debf",
        "colorHiddenDark": "#2c241c",
        "colorHiddenSat": "#3d442a",
        "colorFollowDark": "#a0661d"
      },
      "geometry": {
        "type": "Point",
        "coordinates": [
          120.348118,
          22.625273
        ]
      }
    },
    {
      "type": "Feature",
      "properties": {
        "sys": "krtc",
        "lineId": "KO",
        "lineKey": "krtc|KO",
        "name": "鳳山",
        "color": "#F8981D",
        "colorDark": "#6d491c",
        "colorFaintLight": "#f4cf9d",
        "colorFaintDark": "#43311c",
        "colorFaintSat": "#534d29",
        "colorHiddenLight": "#f3debf",
        "colorHiddenDark": "#2c241c",
        "colorHiddenSat": "#3d442a",
        "colorFollowDark": "#a0661d"
      },
      "geometry": {
        "type": "Point",
        "coordinates": [
          120.355166,
          22.625953
        ]
      }
    },
    {
      "type": "Feature",
      "properties": {
        "sys": "krtc",
        "lineId": "KO",
        "lineKey": "krtc|KO",
        "name": "大東",
        "color": "#F8981D",
        "colorDark": "#6d491c",
        "colorFaintLight": "#f4cf9d",
        "colorFaintDark": "#43311c",
        "colorFaintSat": "#534d29",
        "colorHiddenLight": "#f3debf",
        "colorHiddenDark": "#2c241c",
        "colorHiddenSat": "#3d442a",
        "colorFollowDark": "#a0661d"
      },
      "geometry": {
        "type": "Point",
        "coordinates": [
          120.363497,
          22.625178
        ]
      }
    },
    {
      "type": "Feature",
      "properties": {
        "sys": "krtc",
        "lineId": "KO",
        "lineKey": "krtc|KO",
        "name": "鳳山國中",
        "color": "#F8981D",
        "colorDark": "#6d491c",
        "colorFaintLight": "#f4cf9d",
        "colorFaintDark": "#43311c",
        "colorFaintSat": "#534d29",
        "colorHiddenLight": "#f3debf",
        "colorHiddenDark": "#2c241c",
        "colorHiddenSat": "#3d442a",
        "colorFollowDark": "#a0661d"
      },
      "geometry": {
        "type": "Point",
        "coordinates": [
          120.371331,
          22.62466
        ]
      }
    },
    {
      "type": "Feature",
      "properties": {
        "sys": "krtc",
        "lineId": "KO",
        "lineKey": "krtc|KO",
        "name": "大寮",
        "color": "#F8981D",
        "colorDark": "#6d491c",
        "colorFaintLight": "#f4cf9d",
        "colorFaintDark": "#43311c",
        "colorFaintSat": "#534d29",
        "colorHiddenLight": "#f3debf",
        "colorHiddenDark": "#2c241c",
        "colorHiddenSat": "#3d442a",
        "colorFollowDark": "#a0661d"
      },
      "geometry": {
        "type": "Point",
        "coordinates": [
          120.390528,
          22.622122
        ]
      }
    },
    {
      "type": "Feature",
      "properties": {
        "sys": "krtc",
        "lineId": "C",
        "lineKey": "krtc|C",
        "name": "籬仔內",
        "color": "#77C043",
        "colorDark": "#39592c",
        "colorFaintLight": "#c7ddaa",
        "colorFaintDark": "#273a25",
        "colorFaintSat": "#365631",
        "colorHiddenLight": "#dce5c5",
        "colorHiddenDark": "#1c2921",
        "colorHiddenSat": "#2e482f",
        "colorFollowDark": "#507f34"
      },
      "geometry": {
        "type": "Point",
        "coordinates": [
          120.324651,
          22.604625
        ]
      }
    },
    {
      "type": "Feature",
      "properties": {
        "sys": "krtc",
        "lineId": "C",
        "lineKey": "krtc|C",
        "name": "凱旋瑞田",
        "color": "#77C043",
        "colorDark": "#39592c",
        "colorFaintLight": "#c7ddaa",
        "colorFaintDark": "#273a25",
        "colorFaintSat": "#365631",
        "colorHiddenLight": "#dce5c5",
        "colorHiddenDark": "#1c2921",
        "colorHiddenSat": "#2e482f",
        "colorFollowDark": "#507f34"
      },
      "geometry": {
        "type": "Point",
        "coordinates": [
          120.319799,
          22.599533
        ]
      }
    },
    {
      "type": "Feature",
      "properties": {
        "sys": "krtc",
        "lineId": "C",
        "lineKey": "krtc|C",
        "name": "前鎮之星",
        "color": "#77C043",
        "colorDark": "#39592c",
        "colorFaintLight": "#c7ddaa",
        "colorFaintDark": "#273a25",
        "colorFaintSat": "#365631",
        "colorHiddenLight": "#dce5c5",
        "colorHiddenDark": "#1c2921",
        "colorHiddenSat": "#2e482f",
        "colorFollowDark": "#507f34"
      },
      "geometry": {
        "type": "Point",
        "coordinates": [
          120.315368,
          22.595503
        ]
      }
    },
    {
      "type": "Feature",
      "properties": {
        "sys": "krtc",
        "lineId": "C",
        "lineKey": "krtc|C",
        "name": "凱旋中華",
        "color": "#77C043",
        "colorDark": "#39592c",
        "colorFaintLight": "#c7ddaa",
        "colorFaintDark": "#273a25",
        "colorFaintSat": "#365631",
        "colorHiddenLight": "#dce5c5",
        "colorHiddenDark": "#1c2921",
        "colorHiddenSat": "#2e482f",
        "colorFollowDark": "#507f34"
      },
      "geometry": {
        "type": "Point",
        "coordinates": [
          120.310517,
          22.593656
        ]
      }
    },
    {
      "type": "Feature",
      "properties": {
        "sys": "krtc",
        "lineId": "C",
        "lineKey": "krtc|C",
        "name": "夢時代",
        "color": "#77C043",
        "colorDark": "#39592c",
        "colorFaintLight": "#c7ddaa",
        "colorFaintDark": "#273a25",
        "colorFaintSat": "#365631",
        "colorHiddenLight": "#dce5c5",
        "colorHiddenDark": "#1c2921",
        "colorHiddenSat": "#2e482f",
        "colorFollowDark": "#507f34"
      },
      "geometry": {
        "type": "Point",
        "coordinates": [
          120.305004,
          22.594886
        ]
      }
    },
    {
      "type": "Feature",
      "properties": {
        "sys": "krtc",
        "lineId": "C",
        "lineKey": "krtc|C",
        "name": "經貿園區",
        "color": "#77C043",
        "colorDark": "#39592c",
        "colorFaintLight": "#c7ddaa",
        "colorFaintDark": "#273a25",
        "colorFaintSat": "#365631",
        "colorHiddenLight": "#dce5c5",
        "colorHiddenDark": "#1c2921",
        "colorHiddenSat": "#2e482f",
        "colorFollowDark": "#507f34"
      },
      "geometry": {
        "type": "Point",
        "coordinates": [
          120.30266,
          22.600961
        ]
      }
    },
    {
      "type": "Feature",
      "properties": {
        "sys": "krtc",
        "lineId": "C",
        "lineKey": "krtc|C",
        "name": "軟體園區",
        "color": "#77C043",
        "colorDark": "#39592c",
        "colorFaintLight": "#c7ddaa",
        "colorFaintDark": "#273a25",
        "colorFaintSat": "#365631",
        "colorHiddenLight": "#dce5c5",
        "colorHiddenDark": "#1c2921",
        "colorHiddenSat": "#2e482f",
        "colorFollowDark": "#507f34"
      },
      "geometry": {
        "type": "Point",
        "coordinates": [
          120.300832,
          22.605684
        ]
      }
    },
    {
      "type": "Feature",
      "properties": {
        "sys": "krtc",
        "lineId": "C",
        "lineKey": "krtc|C",
        "name": "高雄展覽館",
        "color": "#77C043",
        "colorDark": "#39592c",
        "colorFaintLight": "#c7ddaa",
        "colorFaintDark": "#273a25",
        "colorFaintSat": "#365631",
        "colorHiddenLight": "#dce5c5",
        "colorHiddenDark": "#1c2921",
        "colorHiddenSat": "#2e482f",
        "colorFollowDark": "#507f34"
      },
      "geometry": {
        "type": "Point",
        "coordinates": [
          120.298022,
          22.610133
        ]
      }
    },
    {
      "type": "Feature",
      "properties": {
        "sys": "krtc",
        "lineId": "C",
        "lineKey": "krtc|C",
        "name": "旅運中心",
        "color": "#77C043",
        "colorDark": "#39592c",
        "colorFaintLight": "#c7ddaa",
        "colorFaintDark": "#273a25",
        "colorFaintSat": "#365631",
        "colorHiddenLight": "#dce5c5",
        "colorHiddenDark": "#1c2921",
        "colorHiddenSat": "#2e482f",
        "colorFollowDark": "#507f34"
      },
      "geometry": {
        "type": "Point",
        "coordinates": [
          120.293424,
          22.611587
        ]
      }
    },
    {
      "type": "Feature",
      "properties": {
        "sys": "krtc",
        "lineId": "C",
        "lineKey": "krtc|C",
        "name": "光榮碼頭",
        "color": "#77C043",
        "colorDark": "#39592c",
        "colorFaintLight": "#c7ddaa",
        "colorFaintDark": "#273a25",
        "colorFaintSat": "#365631",
        "colorHiddenLight": "#dce5c5",
        "colorHiddenDark": "#1c2921",
        "colorHiddenSat": "#2e482f",
        "colorFollowDark": "#507f34"
      },
      "geometry": {
        "type": "Point",
        "coordinates": [
          120.293234,
          22.616805
        ]
      }
    },
    {
      "type": "Feature",
      "properties": {
        "sys": "krtc",
        "lineId": "C",
        "lineKey": "krtc|C",
        "name": "真愛碼頭",
        "color": "#77C043",
        "colorDark": "#39592c",
        "colorFaintLight": "#c7ddaa",
        "colorFaintDark": "#273a25",
        "colorFaintSat": "#365631",
        "colorHiddenLight": "#dce5c5",
        "colorHiddenDark": "#1c2921",
        "colorHiddenSat": "#2e482f",
        "colorFollowDark": "#507f34"
      },
      "geometry": {
        "type": "Point",
        "coordinates": [
          120.289466,
          22.619315
        ]
      }
    },
    {
      "type": "Feature",
      "properties": {
        "sys": "krtc",
        "lineId": "C",
        "lineKey": "krtc|C",
        "name": "駁二大義",
        "color": "#77C043",
        "colorDark": "#39592c",
        "colorFaintLight": "#c7ddaa",
        "colorFaintDark": "#273a25",
        "colorFaintSat": "#365631",
        "colorHiddenLight": "#dce5c5",
        "colorHiddenDark": "#1c2921",
        "colorHiddenSat": "#2e482f",
        "colorFollowDark": "#507f34"
      },
      "geometry": {
        "type": "Point",
        "coordinates": [
          120.284204,
          22.618562
        ]
      }
    },
    {
      "type": "Feature",
      "properties": {
        "sys": "krtc",
        "lineId": "C",
        "lineKey": "krtc|C",
        "name": "駁二蓬萊",
        "color": "#77C043",
        "colorDark": "#39592c",
        "colorFaintLight": "#c7ddaa",
        "colorFaintDark": "#273a25",
        "colorFaintSat": "#365631",
        "colorHiddenLight": "#dce5c5",
        "colorHiddenDark": "#1c2921",
        "colorHiddenSat": "#2e482f",
        "colorFollowDark": "#507f34"
      },
      "geometry": {
        "type": "Point",
        "coordinates": [
          120.279923,
          22.6205
        ]
      }
    },
    {
      "type": "Feature",
      "properties": {
        "sys": "krtc",
        "lineId": "C",
        "lineKey": "krtc|C",
        "name": "哈瑪星",
        "color": "#77C043",
        "colorDark": "#39592c",
        "colorFaintLight": "#c7ddaa",
        "colorFaintDark": "#273a25",
        "colorFaintSat": "#365631",
        "colorHiddenLight": "#dce5c5",
        "colorHiddenDark": "#1c2921",
        "colorHiddenSat": "#2e482f",
        "colorFollowDark": "#507f34"
      },
      "geometry": {
        "type": "Point",
        "coordinates": [
          120.275849,
          22.621617
        ]
      }
    },
    {
      "type": "Feature",
      "properties": {
        "sys": "krtc",
        "lineId": "C",
        "lineKey": "krtc|C",
        "name": "壽山公園站",
        "color": "#77C043",
        "colorDark": "#39592c",
        "colorFaintLight": "#c7ddaa",
        "colorFaintDark": "#273a25",
        "colorFaintSat": "#365631",
        "colorHiddenLight": "#dce5c5",
        "colorHiddenDark": "#1c2921",
        "colorHiddenSat": "#2e482f",
        "colorFollowDark": "#507f34"
      },
      "geometry": {
        "type": "Point",
        "coordinates": [
          120.278601,
          22.626541
        ]
      }
    },
    {
      "type": "Feature",
      "properties": {
        "sys": "krtc",
        "lineId": "C",
        "lineKey": "krtc|C",
        "name": "文武聖殿站",
        "color": "#77C043",
        "colorDark": "#39592c",
        "colorFaintLight": "#c7ddaa",
        "colorFaintDark": "#273a25",
        "colorFaintSat": "#365631",
        "colorHiddenLight": "#dce5c5",
        "colorHiddenDark": "#1c2921",
        "colorHiddenSat": "#2e482f",
        "colorFollowDark": "#507f34"
      },
      "geometry": {
        "type": "Point",
        "coordinates": [
          120.2807,
          22.62959
        ]
      }
    },
    {
      "type": "Feature",
      "properties": {
        "sys": "krtc",
        "lineId": "C",
        "lineKey": "krtc|C",
        "name": "鼓山區公所站",
        "color": "#77C043",
        "colorDark": "#39592c",
        "colorFaintLight": "#c7ddaa",
        "colorFaintDark": "#273a25",
        "colorFaintSat": "#365631",
        "colorHiddenLight": "#dce5c5",
        "colorHiddenDark": "#1c2921",
        "colorHiddenSat": "#2e482f",
        "colorFollowDark": "#507f34"
      },
      "geometry": {
        "type": "Point",
        "coordinates": [
          120.282567,
          22.635988
        ]
      }
    },
    {
      "type": "Feature",
      "properties": {
        "sys": "krtc",
        "lineId": "C",
        "lineKey": "krtc|C",
        "name": "鼓山",
        "color": "#77C043",
        "colorDark": "#39592c",
        "colorFaintLight": "#c7ddaa",
        "colorFaintDark": "#273a25",
        "colorFaintSat": "#365631",
        "colorHiddenLight": "#dce5c5",
        "colorHiddenDark": "#1c2921",
        "colorHiddenSat": "#2e482f",
        "colorFollowDark": "#507f34"
      },
      "geometry": {
        "type": "Point",
        "coordinates": [
          120.281067,
          22.642037
        ]
      }
    },
    {
      "type": "Feature",
      "properties": {
        "sys": "krtc",
        "lineId": "C",
        "lineKey": "krtc|C",
        "name": "馬卡道",
        "color": "#77C043",
        "colorDark": "#39592c",
        "colorFaintLight": "#c7ddaa",
        "colorFaintDark": "#273a25",
        "colorFaintSat": "#365631",
        "colorHiddenLight": "#dce5c5",
        "colorHiddenDark": "#1c2921",
        "colorHiddenSat": "#2e482f",
        "colorFollowDark": "#507f34"
      },
      "geometry": {
        "type": "Point",
        "coordinates": [
          120.281415,
          22.647089
        ]
      }
    },
    {
      "type": "Feature",
      "properties": {
        "sys": "krtc",
        "lineId": "C",
        "lineKey": "krtc|C",
        "name": "臺鐵美術館",
        "color": "#77C043",
        "colorDark": "#39592c",
        "colorFaintLight": "#c7ddaa",
        "colorFaintDark": "#273a25",
        "colorFaintSat": "#365631",
        "colorHiddenLight": "#dce5c5",
        "colorHiddenDark": "#1c2921",
        "colorHiddenSat": "#2e482f",
        "colorFollowDark": "#507f34"
      },
      "geometry": {
        "type": "Point",
        "coordinates": [
          120.281669,
          22.652074
        ]
      }
    },
    {
      "type": "Feature",
      "properties": {
        "sys": "krtc",
        "lineId": "C",
        "lineKey": "krtc|C",
        "name": "內惟藝術中心",
        "color": "#77C043",
        "colorDark": "#39592c",
        "colorFaintLight": "#c7ddaa",
        "colorFaintDark": "#273a25",
        "colorFaintSat": "#365631",
        "colorHiddenLight": "#dce5c5",
        "colorHiddenDark": "#1c2921",
        "colorHiddenSat": "#2e482f",
        "colorFollowDark": "#507f34"
      },
      "geometry": {
        "type": "Point",
        "coordinates": [
          120.282868,
          22.65497
        ]
      }
    },
    {
      "type": "Feature",
      "properties": {
        "sys": "krtc",
        "lineId": "C",
        "lineKey": "krtc|C",
        "name": "美術館",
        "color": "#77C043",
        "colorDark": "#39592c",
        "colorFaintLight": "#c7ddaa",
        "colorFaintDark": "#273a25",
        "colorFaintSat": "#365631",
        "colorHiddenLight": "#dce5c5",
        "colorHiddenDark": "#1c2921",
        "colorHiddenSat": "#2e482f",
        "colorFollowDark": "#507f34"
      },
      "geometry": {
        "type": "Point",
        "coordinates": [
          120.287437,
          22.655026
        ]
      }
    },
    {
      "type": "Feature",
      "properties": {
        "sys": "krtc",
        "lineId": "C",
        "lineKey": "krtc|C",
        "name": "聯合醫院",
        "color": "#77C043",
        "colorDark": "#39592c",
        "colorFaintLight": "#c7ddaa",
        "colorFaintDark": "#273a25",
        "colorFaintSat": "#365631",
        "colorHiddenLight": "#dce5c5",
        "colorHiddenDark": "#1c2921",
        "colorHiddenSat": "#2e482f",
        "colorFollowDark": "#507f34"
      },
      "geometry": {
        "type": "Point",
        "coordinates": [
          120.290918,
          22.654827
        ]
      }
    },
    {
      "type": "Feature",
      "properties": {
        "sys": "krtc",
        "lineId": "C",
        "lineKey": "krtc|C",
        "name": "龍華國小",
        "color": "#77C043",
        "colorDark": "#39592c",
        "colorFaintLight": "#c7ddaa",
        "colorFaintDark": "#273a25",
        "colorFaintSat": "#365631",
        "colorHiddenLight": "#dce5c5",
        "colorHiddenDark": "#1c2921",
        "colorHiddenSat": "#2e482f",
        "colorFollowDark": "#507f34"
      },
      "geometry": {
        "type": "Point",
        "coordinates": [
          120.295042,
          22.654493
        ]
      }
    },
    {
      "type": "Feature",
      "properties": {
        "sys": "krtc",
        "lineId": "C",
        "lineKey": "krtc|C",
        "name": "愛河之心",
        "color": "#77C043",
        "colorDark": "#39592c",
        "colorFaintLight": "#c7ddaa",
        "colorFaintDark": "#273a25",
        "colorFaintSat": "#365631",
        "colorHiddenLight": "#dce5c5",
        "colorHiddenDark": "#1c2921",
        "colorHiddenSat": "#2e482f",
        "colorFollowDark": "#507f34"
      },
      "geometry": {
        "type": "Point",
        "coordinates": [
          120.30282,
          22.65604
        ]
      }
    },
    {
      "type": "Feature",
      "properties": {
        "sys": "krtc",
        "lineId": "C",
        "lineKey": "krtc|C",
        "name": "新上國小",
        "color": "#77C043",
        "colorDark": "#39592c",
        "colorFaintLight": "#c7ddaa",
        "colorFaintDark": "#273a25",
        "colorFaintSat": "#365631",
        "colorHiddenLight": "#dce5c5",
        "colorHiddenDark": "#1c2921",
        "colorHiddenSat": "#2e482f",
        "colorFollowDark": "#507f34"
      },
      "geometry": {
        "type": "Point",
        "coordinates": [
          120.3083,
          22.6567
        ]
      }
    },
    {
      "type": "Feature",
      "properties": {
        "sys": "krtc",
        "lineId": "C",
        "lineKey": "krtc|C",
        "name": "大順民族",
        "color": "#77C043",
        "colorDark": "#39592c",
        "colorFaintLight": "#c7ddaa",
        "colorFaintDark": "#273a25",
        "colorFaintSat": "#365631",
        "colorHiddenLight": "#dce5c5",
        "colorHiddenDark": "#1c2921",
        "colorHiddenSat": "#2e482f",
        "colorFollowDark": "#507f34"
      },
      "geometry": {
        "type": "Point",
        "coordinates": [
          120.3149,
          22.6556
        ]
      }
    },
    {
      "type": "Feature",
      "properties": {
        "sys": "krtc",
        "lineId": "C",
        "lineKey": "krtc|C",
        "name": "灣仔內(大順鼎山)",
        "color": "#77C043",
        "colorDark": "#39592c",
        "colorFaintLight": "#c7ddaa",
        "colorFaintDark": "#273a25",
        "colorFaintSat": "#365631",
        "colorHiddenLight": "#dce5c5",
        "colorHiddenDark": "#1c2921",
        "colorHiddenSat": "#2e482f",
        "colorFollowDark": "#507f34"
      },
      "geometry": {
        "type": "Point",
        "coordinates": [
          120.3185,
          22.6538
        ]
      }
    },
    {
      "type": "Feature",
      "properties": {
        "sys": "krtc",
        "lineId": "C",
        "lineKey": "krtc|C",
        "name": "高雄高工",
        "color": "#77C043",
        "colorDark": "#39592c",
        "colorFaintLight": "#c7ddaa",
        "colorFaintDark": "#273a25",
        "colorFaintSat": "#365631",
        "colorHiddenLight": "#dce5c5",
        "colorHiddenDark": "#1c2921",
        "colorHiddenSat": "#2e482f",
        "colorFollowDark": "#507f34"
      },
      "geometry": {
        "type": "Point",
        "coordinates": [
          120.32385,
          22.64996
        ]
      }
    },
    {
      "type": "Feature",
      "properties": {
        "sys": "krtc",
        "lineId": "C",
        "lineKey": "krtc|C",
        "name": "樹德家商",
        "color": "#77C043",
        "colorDark": "#39592c",
        "colorFaintLight": "#c7ddaa",
        "colorFaintDark": "#273a25",
        "colorFaintSat": "#365631",
        "colorHiddenLight": "#dce5c5",
        "colorHiddenDark": "#1c2921",
        "colorHiddenSat": "#2e482f",
        "colorFollowDark": "#507f34"
      },
      "geometry": {
        "type": "Point",
        "coordinates": [
          120.3262,
          22.6442
        ]
      }
    },
    {
      "type": "Feature",
      "properties": {
        "sys": "krtc",
        "lineId": "C",
        "lineKey": "krtc|C",
        "name": "科工館",
        "color": "#77C043",
        "colorDark": "#39592c",
        "colorFaintLight": "#c7ddaa",
        "colorFaintDark": "#273a25",
        "colorFaintSat": "#365631",
        "colorHiddenLight": "#dce5c5",
        "colorHiddenDark": "#1c2921",
        "colorHiddenSat": "#2e482f",
        "colorFollowDark": "#507f34"
      },
      "geometry": {
        "type": "Point",
        "coordinates": [
          120.3274,
          22.6375
        ]
      }
    },
    {
      "type": "Feature",
      "properties": {
        "sys": "krtc",
        "lineId": "C",
        "lineKey": "krtc|C",
        "name": "聖功醫院",
        "color": "#77C043",
        "colorDark": "#39592c",
        "colorFaintLight": "#c7ddaa",
        "colorFaintDark": "#273a25",
        "colorFaintSat": "#365631",
        "colorHiddenLight": "#dce5c5",
        "colorHiddenDark": "#1c2921",
        "colorHiddenSat": "#2e482f",
        "colorFollowDark": "#507f34"
      },
      "geometry": {
        "type": "Point",
        "coordinates": [
          120.325819,
          22.633278
        ]
      }
    },
    {
      "type": "Feature",
      "properties": {
        "sys": "krtc",
        "lineId": "C",
        "lineKey": "krtc|C",
        "name": "凱旋公園站",
        "color": "#77C043",
        "colorDark": "#39592c",
        "colorFaintLight": "#c7ddaa",
        "colorFaintDark": "#273a25",
        "colorFaintSat": "#365631",
        "colorHiddenLight": "#dce5c5",
        "colorHiddenDark": "#1c2921",
        "colorHiddenSat": "#2e482f",
        "colorFollowDark": "#507f34"
      },
      "geometry": {
        "type": "Point",
        "coordinates": [
          120.322785,
          22.629433
        ]
      }
    },
    {
      "type": "Feature",
      "properties": {
        "sys": "krtc",
        "lineId": "C",
        "lineKey": "krtc|C",
        "name": "衛生局站",
        "color": "#77C043",
        "colorDark": "#39592c",
        "colorFaintLight": "#c7ddaa",
        "colorFaintDark": "#273a25",
        "colorFaintSat": "#365631",
        "colorHiddenLight": "#dce5c5",
        "colorHiddenDark": "#1c2921",
        "colorHiddenSat": "#2e482f",
        "colorFollowDark": "#507f34"
      },
      "geometry": {
        "type": "Point",
        "coordinates": [
          120.3237,
          22.6252
        ]
      }
    },
    {
      "type": "Feature",
      "properties": {
        "sys": "krtc",
        "lineId": "C",
        "lineKey": "krtc|C",
        "name": "五權國小站",
        "color": "#77C043",
        "colorDark": "#39592c",
        "colorFaintLight": "#c7ddaa",
        "colorFaintDark": "#273a25",
        "colorFaintSat": "#365631",
        "colorHiddenLight": "#dce5c5",
        "colorHiddenDark": "#1c2921",
        "colorHiddenSat": "#2e482f",
        "colorFollowDark": "#507f34"
      },
      "geometry": {
        "type": "Point",
        "coordinates": [
          120.3252,
          22.62121
        ]
      }
    },
    {
      "type": "Feature",
      "properties": {
        "sys": "krtc",
        "lineId": "C",
        "lineKey": "krtc|C",
        "name": "凱旋武昌站",
        "color": "#77C043",
        "colorDark": "#39592c",
        "colorFaintLight": "#c7ddaa",
        "colorFaintDark": "#273a25",
        "colorFaintSat": "#365631",
        "colorHiddenLight": "#dce5c5",
        "colorHiddenDark": "#1c2921",
        "colorHiddenSat": "#2e482f",
        "colorFollowDark": "#507f34"
      },
      "geometry": {
        "type": "Point",
        "coordinates": [
          120.3269,
          22.61693
        ]
      }
    },
    {
      "type": "Feature",
      "properties": {
        "sys": "krtc",
        "lineId": "C",
        "lineKey": "krtc|C",
        "name": "凱旋二聖站",
        "color": "#77C043",
        "colorDark": "#39592c",
        "colorFaintLight": "#c7ddaa",
        "colorFaintDark": "#273a25",
        "colorFaintSat": "#365631",
        "colorHiddenLight": "#dce5c5",
        "colorHiddenDark": "#1c2921",
        "colorHiddenSat": "#2e482f",
        "colorFollowDark": "#507f34"
      },
      "geometry": {
        "type": "Point",
        "coordinates": [
          120.3272,
          22.61253
        ]
      }
    },
    {
      "type": "Feature",
      "properties": {
        "sys": "krtc",
        "lineId": "C",
        "lineKey": "krtc|C",
        "name": "輕軌機廠站",
        "color": "#77C043",
        "colorDark": "#39592c",
        "colorFaintLight": "#c7ddaa",
        "colorFaintDark": "#273a25",
        "colorFaintSat": "#365631",
        "colorHiddenLight": "#dce5c5",
        "colorHiddenDark": "#1c2921",
        "colorHiddenSat": "#2e482f",
        "colorFollowDark": "#507f34"
      },
      "geometry": {
        "type": "Point",
        "coordinates": [
          120.3261,
          22.6085
        ]
      }
    },
    {
      "type": "Feature",
      "properties": {
        "sys": "tmrt",
        "lineId": "TG",
        "lineKey": "tmrt|TG",
        "name": "北屯總站",
        "color": "#79BB29",
        "colorDark": "#3a5721",
        "colorFaintLight": "#c8dca1",
        "colorFaintDark": "#27391f",
        "colorFaintSat": "#37552b",
        "colorHiddenLight": "#dce4c1",
        "colorHiddenDark": "#1d281e",
        "colorHiddenSat": "#2e482c",
        "colorFollowDark": "#517c24"
      },
      "geometry": {
        "type": "Point",
        "coordinates": [
          120.70864,
          24.18913
        ]
      }
    },
    {
      "type": "Feature",
      "properties": {
        "sys": "tmrt",
        "lineId": "TG",
        "lineKey": "tmrt|TG",
        "name": "舊社",
        "color": "#79BB29",
        "colorDark": "#3a5721",
        "colorFaintLight": "#c8dca1",
        "colorFaintDark": "#27391f",
        "colorFaintSat": "#37552b",
        "colorHiddenLight": "#dce4c1",
        "colorHiddenDark": "#1d281e",
        "colorHiddenSat": "#2e482c",
        "colorFollowDark": "#517c24"
      },
      "geometry": {
        "type": "Point",
        "coordinates": [
          120.70729,
          24.18228
        ]
      }
    },
    {
      "type": "Feature",
      "properties": {
        "sys": "tmrt",
        "lineId": "TG",
        "lineKey": "tmrt|TG",
        "name": "松竹",
        "color": "#79BB29",
        "colorDark": "#3a5721",
        "colorFaintLight": "#c8dca1",
        "colorFaintDark": "#27391f",
        "colorFaintSat": "#37552b",
        "colorHiddenLight": "#dce4c1",
        "colorHiddenDark": "#1d281e",
        "colorHiddenSat": "#2e482c",
        "colorFollowDark": "#517c24"
      },
      "geometry": {
        "type": "Point",
        "coordinates": [
          120.70145,
          24.1808
        ]
      }
    },
    {
      "type": "Feature",
      "properties": {
        "sys": "tmrt",
        "lineId": "TG",
        "lineKey": "tmrt|TG",
        "name": "四維國小",
        "color": "#79BB29",
        "colorDark": "#3a5721",
        "colorFaintLight": "#c8dca1",
        "colorFaintDark": "#27391f",
        "colorFaintSat": "#37552b",
        "colorHiddenLight": "#dce4c1",
        "colorHiddenDark": "#1d281e",
        "colorHiddenSat": "#2e482c",
        "colorFollowDark": "#517c24"
      },
      "geometry": {
        "type": "Point",
        "coordinates": [
          120.69329,
          24.17124
        ]
      }
    },
    {
      "type": "Feature",
      "properties": {
        "sys": "tmrt",
        "lineId": "TG",
        "lineKey": "tmrt|TG",
        "name": "文心崇德",
        "color": "#79BB29",
        "colorDark": "#3a5721",
        "colorFaintLight": "#c8dca1",
        "colorFaintDark": "#27391f",
        "colorFaintSat": "#37552b",
        "colorHiddenLight": "#dce4c1",
        "colorHiddenDark": "#1d281e",
        "colorHiddenSat": "#2e482c",
        "colorFollowDark": "#517c24"
      },
      "geometry": {
        "type": "Point",
        "coordinates": [
          120.68486,
          24.17219
        ]
      }
    },
    {
      "type": "Feature",
      "properties": {
        "sys": "tmrt",
        "lineId": "TG",
        "lineKey": "tmrt|TG",
        "name": "文心中清",
        "color": "#79BB29",
        "colorDark": "#3a5721",
        "colorFaintLight": "#c8dca1",
        "colorFaintDark": "#27391f",
        "colorFaintSat": "#37552b",
        "colorHiddenLight": "#dce4c1",
        "colorHiddenDark": "#1d281e",
        "colorHiddenSat": "#2e482c",
        "colorFollowDark": "#517c24"
      },
      "geometry": {
        "type": "Point",
        "coordinates": [
          120.67059,
          24.17368
        ]
      }
    },
    {
      "type": "Feature",
      "properties": {
        "sys": "tmrt",
        "lineId": "TG",
        "lineKey": "tmrt|TG",
        "name": "文華高中",
        "color": "#79BB29",
        "colorDark": "#3a5721",
        "colorFaintLight": "#c8dca1",
        "colorFaintDark": "#27391f",
        "colorFaintSat": "#37552b",
        "colorHiddenLight": "#dce4c1",
        "colorHiddenDark": "#1d281e",
        "colorHiddenSat": "#2e482c",
        "colorFollowDark": "#517c24"
      },
      "geometry": {
        "type": "Point",
        "coordinates": [
          120.66045,
          24.17141
        ]
      }
    },
    {
      "type": "Feature",
      "properties": {
        "sys": "tmrt",
        "lineId": "TG",
        "lineKey": "tmrt|TG",
        "name": "文心櫻花",
        "color": "#79BB29",
        "colorDark": "#3a5721",
        "colorFaintLight": "#c8dca1",
        "colorFaintDark": "#27391f",
        "colorFaintSat": "#37552b",
        "colorHiddenLight": "#dce4c1",
        "colorHiddenDark": "#1d281e",
        "colorHiddenSat": "#2e482c",
        "colorFollowDark": "#517c24"
      },
      "geometry": {
        "type": "Point",
        "coordinates": [
          120.65367,
          24.16763
        ]
      }
    },
    {
      "type": "Feature",
      "properties": {
        "sys": "tmrt",
        "lineId": "TG",
        "lineKey": "tmrt|TG",
        "name": "市政府",
        "color": "#79BB29",
        "colorDark": "#3a5721",
        "colorFaintLight": "#c8dca1",
        "colorFaintDark": "#27391f",
        "colorFaintSat": "#37552b",
        "colorHiddenLight": "#dce4c1",
        "colorHiddenDark": "#1d281e",
        "colorHiddenSat": "#2e482c",
        "colorFollowDark": "#517c24"
      },
      "geometry": {
        "type": "Point",
        "coordinates": [
          120.64903,
          24.16199
        ]
      }
    },
    {
      "type": "Feature",
      "properties": {
        "sys": "tmrt",
        "lineId": "TG",
        "lineKey": "tmrt|TG",
        "name": "水安宮",
        "color": "#79BB29",
        "colorDark": "#3a5721",
        "colorFaintLight": "#c8dca1",
        "colorFaintDark": "#27391f",
        "colorFaintSat": "#37552b",
        "colorHiddenLight": "#dce4c1",
        "colorHiddenDark": "#1d281e",
        "colorHiddenSat": "#2e482c",
        "colorFollowDark": "#517c24"
      },
      "geometry": {
        "type": "Point",
        "coordinates": [
          120.64668,
          24.15311
        ]
      }
    },
    {
      "type": "Feature",
      "properties": {
        "sys": "tmrt",
        "lineId": "TG",
        "lineKey": "tmrt|TG",
        "name": "文心森林公園",
        "color": "#79BB29",
        "colorDark": "#3a5721",
        "colorFaintLight": "#c8dca1",
        "colorFaintDark": "#27391f",
        "colorFaintSat": "#37552b",
        "colorHiddenLight": "#dce4c1",
        "colorHiddenDark": "#1d281e",
        "colorHiddenSat": "#2e482c",
        "colorFollowDark": "#517c24"
      },
      "geometry": {
        "type": "Point",
        "coordinates": [
          120.6466,
          24.1454
        ]
      }
    },
    {
      "type": "Feature",
      "properties": {
        "sys": "tmrt",
        "lineId": "TG",
        "lineKey": "tmrt|TG",
        "name": "南屯",
        "color": "#79BB29",
        "colorDark": "#3a5721",
        "colorFaintLight": "#c8dca1",
        "colorFaintDark": "#27391f",
        "colorFaintSat": "#37552b",
        "colorHiddenLight": "#dce4c1",
        "colorHiddenDark": "#1d281e",
        "colorHiddenSat": "#2e482c",
        "colorFollowDark": "#517c24"
      },
      "geometry": {
        "type": "Point",
        "coordinates": [
          120.6466,
          24.1405
        ]
      }
    },
    {
      "type": "Feature",
      "properties": {
        "sys": "tmrt",
        "lineId": "TG",
        "lineKey": "tmrt|TG",
        "name": "豐樂公園",
        "color": "#79BB29",
        "colorDark": "#3a5721",
        "colorFaintLight": "#c8dca1",
        "colorFaintDark": "#27391f",
        "colorFaintSat": "#37552b",
        "colorHiddenLight": "#dce4c1",
        "colorHiddenDark": "#1d281e",
        "colorHiddenSat": "#2e482c",
        "colorFollowDark": "#517c24"
      },
      "geometry": {
        "type": "Point",
        "coordinates": [
          120.64635,
          24.1326
        ]
      }
    },
    {
      "type": "Feature",
      "properties": {
        "sys": "tmrt",
        "lineId": "TG",
        "lineKey": "tmrt|TG",
        "name": "大慶",
        "color": "#79BB29",
        "colorDark": "#3a5721",
        "colorFaintLight": "#c8dca1",
        "colorFaintDark": "#27391f",
        "colorFaintSat": "#37552b",
        "colorHiddenLight": "#dce4c1",
        "colorHiddenDark": "#1d281e",
        "colorHiddenSat": "#2e482c",
        "colorFollowDark": "#517c24"
      },
      "geometry": {
        "type": "Point",
        "coordinates": [
          120.6476,
          24.1191
        ]
      }
    },
    {
      "type": "Feature",
      "properties": {
        "sys": "tmrt",
        "lineId": "TG",
        "lineKey": "tmrt|TG",
        "name": "九張犁",
        "color": "#79BB29",
        "colorDark": "#3a5721",
        "colorFaintLight": "#c8dca1",
        "colorFaintDark": "#27391f",
        "colorFaintSat": "#37552b",
        "colorHiddenLight": "#dce4c1",
        "colorHiddenDark": "#1d281e",
        "colorHiddenSat": "#2e482c",
        "colorFollowDark": "#517c24"
      },
      "geometry": {
        "type": "Point",
        "coordinates": [
          120.6401,
          24.1145
        ]
      }
    },
    {
      "type": "Feature",
      "properties": {
        "sys": "tmrt",
        "lineId": "TG",
        "lineKey": "tmrt|TG",
        "name": "九德",
        "color": "#79BB29",
        "colorDark": "#3a5721",
        "colorFaintLight": "#c8dca1",
        "colorFaintDark": "#27391f",
        "colorFaintSat": "#37552b",
        "colorHiddenLight": "#dce4c1",
        "colorHiddenDark": "#1d281e",
        "colorHiddenSat": "#2e482c",
        "colorFollowDark": "#517c24"
      },
      "geometry": {
        "type": "Point",
        "coordinates": [
          120.63448,
          24.11104
        ]
      }
    },
    {
      "type": "Feature",
      "properties": {
        "sys": "tmrt",
        "lineId": "TG",
        "lineKey": "tmrt|TG",
        "name": "烏日",
        "color": "#79BB29",
        "colorDark": "#3a5721",
        "colorFaintLight": "#c8dca1",
        "colorFaintDark": "#27391f",
        "colorFaintSat": "#37552b",
        "colorHiddenLight": "#dce4c1",
        "colorHiddenDark": "#1d281e",
        "colorHiddenSat": "#2e482c",
        "colorFollowDark": "#517c24"
      },
      "geometry": {
        "type": "Point",
        "coordinates": [
          120.6249,
          24.1089
        ]
      }
    },
    {
      "type": "Feature",
      "properties": {
        "sys": "tmrt",
        "lineId": "TG",
        "lineKey": "tmrt|TG",
        "name": "高鐵臺中站",
        "color": "#79BB29",
        "colorDark": "#3a5721",
        "colorFaintLight": "#c8dca1",
        "colorFaintDark": "#27391f",
        "colorFaintSat": "#37552b",
        "colorHiddenLight": "#dce4c1",
        "colorHiddenDark": "#1d281e",
        "colorHiddenSat": "#2e482c",
        "colorFollowDark": "#517c24"
      },
      "geometry": {
        "type": "Point",
        "coordinates": [
          120.61405,
          24.11011
        ]
      }
    }
  ]
}
